,Pollster,State,Date,MoE,Obama (D),Romney (R),Sample,Spread,obama_spread,start_date,end_date
0,Rasmussen Reports,WA,9/26 - 9/26,4.5,52.0,41.0,500.0,Obama +11,11.0,9/26/2012,9/26/2012
1,Gravis Marketing,WA,9/21 - 9/22,4.6,56.0,39.0,625.0,Obama +17,17.0,9/21/2012,9/22/2012
2,Elway Poll,WA,9/9 - 9/12,5.0,53.0,36.0,405.0,Obama +17,17.0,9/9/2012,9/12/2012
3,SurveyUSA,WA,9/7 - 9/9,4.4,54.0,38.0,524.0,Obama +16,16.0,9/7/2012,9/9/2012
4,SurveyUSA,WA,8/1 - 8/2,4.4,54.0,37.0,524.0,Obama +17,17.0,8/1/2012,8/2/2012
5,SurveyUSA,WA,7/16 - 7/18,4.0,46.0,37.0,630.0,Obama +9,9.0,7/16/2012,7/18/2012
6,PPP (D),WA,6/14 - 6/17,3.0,54.0,41.0,1073.0,Obama +13,13.0,6/14/2012,6/17/2012
7,Elway Poll,WA,6/13 - 6/16,5.0,49.0,41.0,408.0,Obama +8,8.0,6/13/2012,6/16/2012
8,Strategies 360 (D),WA,5/22 - 5/24,4.4,51.0,40.0,500.0,Obama +11,11.0,5/22/2012,5/24/2012
9,SurveyUSA,WA,5/8 - 5/9,4.2,50.0,36.0,557.0,Obama +14,14.0,5/8/2012,5/9/2012
10,PPP (D),WA,2/16 - 2/19,2.8,53.0,38.0,1264.0,Obama +15,15.0,2/16/2012,2/19/2012
11,SurveyUSA,WA,2/13 - 2/15,4.2,50.0,39.0,572.0,Obama +11,11.0,2/13/2012,2/15/2012
12,Elway Poll,WA,2/7 - 2/9,5.0,49.0,38.0,405.0,Obama +11,11.0,2/7/2012,2/9/2012
13,SurveyUSA,WA,11/21 - 11/23,4.3,49.0,41.0,549.0,Obama +8,8.0,11/21/2011,11/23/2011
15,Strategies 360 (D),WA,9/11 - 9/14,4.4,49.0,40.0,500.0,Obama +9,9.0,9/11/2011,9/14/2011
16,PPP (D),WA,5/12 - 5/15,3.0,51.0,40.0,1098.0,Obama +11,11.0,5/12/2011,5/15/2011
17,WeAskAmerica,WI,9/20 - 9/23,2.8,53.0,41.0,1238.0,Obama +12,12.0,9/20/2012,9/23/2012
18,PPP (D),WI,9/18 - 9/19,3.4,52.0,45.0,842.0,Obama +7,7.0,9/18/2012,9/19/2012
19,Rasmussen Reports,WI,9/17 - 9/17,4.5,49.0,46.0,500.0,Obama +3,3.0,9/17/2012,9/17/2012
20,NBC/WSJ/Marist,WI,9/16 - 9/18,3.2,50.0,45.0,968.0,Obama +5,5.0,9/16/2012,9/18/2012
21,Marquette University,WI,9/13 - 9/16,4.1,54.0,40.0,601.0,Obama +14,14.0,9/13/2012,9/16/2012
22,CBS/NYT/Quinnipiac,WI,9/11 - 9/17,3.0,51.0,45.0,1485.0,Obama +6,6.0,9/11/2012,9/17/2012
23,CBS/NYT/Quinnipiac,WI,8/15 - 8/21,3.0,49.0,47.0,1190.0,Obama +2,2.0,8/15/2012,8/21/2012
24,Marquette University,WI,8/16 - 8/19,4.2,49.0,46.0,576.0,Obama +3,3.0,8/16/2012,8/19/2012
25,PPP (D),WI,8/16 - 8/19,2.7,47.0,48.0,1308.0,Romney +1,-1.0,8/16/2012,8/19/2012
26,Rasmussen Reports,WI,8/15 - 8/15,4.5,47.0,48.0,500.0,Romney +1,-1.0,8/15/2012,8/15/2012
27,CNN/Opinion Research,WI,8/13 - 8/14,3.0,49.0,45.0,920.0,Obama +4,4.0,8/13/2012,8/14/2012
28,CBS/NYT/Quinnipiac,WI,7/31 - 8/6,3.0,51.0,45.0,1428.0,Obama +6,6.0,7/31/2012,8/6/2012
29,Marquette University,WI,8/2 - 8/5,2.9,50.0,45.0,1188.0,Obama +5,5.0,8/2/2012,8/5/2012
30,Rasmussen Reports,WI,7/25 - 7/25,4.5,49.0,46.0,500.0,Obama +3,3.0,7/25/2012,7/25/2012
31,WeAskAmerica,WI,7/17 - 7/18,2.9,49.0,42.0,1162.0,Obama +7,7.0,7/17/2012,7/18/2012
32,Marquette University,WI,7/5 - 7/8,3.5,51.0,43.0,810.0,Obama +8,8.0,7/5/2012,7/8/2012
33,PPP (D),WI,7/5 - 7/8,3.3,50.0,44.0,1057.0,Obama +6,6.0,7/5/2012,7/8/2012
34,Marquette University,WI,6/13 - 6/16,4.1,49.0,43.0,594.0,Obama +6,6.0,6/13/2012,6/16/2012
35,Rasmussen Reports,WI,6/12 - 6/12,4.5,44.0,47.0,500.0,Romney +3,-3.0,6/12/2012,6/12/2012
36,WeAskAmerica,WI,6/6 - 6/6,2.8,48.0,43.0,1270.0,Obama +5,5.0,6/6/2012,6/6/2012
37,Marquette University,WI,5/23 - 5/26,4.1,51.0,43.0,600.0,Obama +8,8.0,5/23/2012,5/26/2012
38,WPR/St. Norbert,WI,5/17 - 5/22,5.0,49.0,43.0,406.0,Obama +6,6.0,5/17/2012,5/22/2012
39,Daily Kos/PPP (D),WI,5/11 - 5/13,,47.0,46.0,,Obama +1,1.0,5/11/2012,5/13/2012
40,Marquette University,WI,5/9 - 5/12,4.1,46.0,46.0,600.0,Tie,0.0,5/9/2012,5/12/2012
41,Rasmussen Reports,WI,5/9 - 5/9,4.5,49.0,45.0,500.0,Obama +4,4.0,5/9/2012,5/9/2012
42,Marquette University,WI,4/26 - 4/29,3.8,51.0,42.0,705.0,Obama +9,9.0,4/26/2012,4/29/2012
43,Daily Kos/PPP (D),WI,4/13 - 4/15,2.9,50.0,44.0,1136.0,Obama +6,6.0,4/13/2012,4/15/2012
44,Rasmussen Reports,WI,3/27 - 3/27,4.5,52.0,41.0,500.0,Obama +11,11.0,3/27/2012,3/27/2012
45,NBC News/Marist,WI,3/26 - 3/27,2.6,52.0,35.0,1391.0,Obama +17,17.0,3/26/2012,3/27/2012
46,Marquette University,WI,3/22 - 3/25,3.8,48.0,43.0,707.0,Obama +5,5.0,3/22/2012,3/25/2012
47,Rasmussen Reports,WI,2/27 - 2/27,4.5,47.0,42.0,500.0,Obama +5,5.0,2/27/2012,2/27/2012
48,PPP (D),WI,2/23 - 2/26,3.3,53.0,39.0,900.0,Obama +14,14.0,2/23/2012,2/26/2012
49,Marquette University,WI,2/16 - 2/19,3.7,53.0,38.0,716.0,Obama +15,15.0,2/16/2012,2/19/2012
50,Marquette University,WI,1/19 - 1/22,3.8,48.0,40.0,701.0,Obama +8,8.0,1/19/2012,1/22/2012
51,Rasmussen Reports,WI,10/26 - 10/26,4.5,45.0,41.0,500.0,Obama +4,4.0,10/26/2011,10/26/2011
53,PPP (D),WI,10/20 - 10/23,2.9,46.0,43.0,1170.0,Obama +3,3.0,10/20/2011,10/23/2011
54,PPP (D),WI,8/19 - 8/21,3.4,47.0,42.0,830.0,Obama +5,5.0,8/19/2011,8/21/2011
55,PPP (D),WI,5/19 - 5/22,2.4,51.0,39.0,1636.0,Obama +12,12.0,5/19/2011,5/22/2011
56,PPP (D),WI,2/24 - 2/27,3.5,48.0,38.0,768.0,Obama +10,10.0,2/24/2011,2/27/2011
57,PPP (D),WI,12/10 - 12/12,3.7,46.0,42.0,702.0,Obama +4,4.0,12/10/2010,12/12/2010
58,PPP (D),WV,9/30 - 10/2,3.2,33.0,54.0,932.0,Romney +21,-21.0,9/30/2012,10/2/2012
59,PPP (D),WV,9/1 - 9/4,3.7,37.0,49.0,708.0,Romney +12,-12.0,9/1/2012,9/4/2012
60,PPP (D),WV,1/20 - 1/23,2.9,37.0,50.0,1105.0,Romney +13,-13.0,1/20/2012,1/23/2012
61,Suffolk/WSVN,FL,9/27 - 9/30,4.0,46.0,43.0,600.0,Obama +3,3.0,9/27/2012,9/30/2012
62,Gravis Marketing,FL,9/29 - 9/30,3.4,49.0,48.0,914.0,Obama +1,1.0,9/29/2012,9/30/2012
63,Florida Times-Union/InAdv,FL,9/24 - 9/24,4.1,49.0,46.0,540.0,Obama +3,3.0,9/24/2012,9/24/2012
64,PPP (D),FL,9/20 - 9/23,3.3,50.0,46.0,861.0,Obama +4,4.0,9/20/2012,9/23/2012
65,Washington Post,FL,9/19 - 9/23,4.5,51.0,47.0,769.0,Obama +4,4.0,9/19/2012,9/23/2012
66,ARG,FL,9/20 - 9/22,4.0,50.0,45.0,600.0,Obama +5,5.0,9/20/2012,9/22/2012
67,CBS/NYT/Quinnipiac,FL,9/18 - 9/24,3.0,53.0,44.0,1162.0,Obama +9,9.0,9/18/2012,9/24/2012
68,Miami Herald/Mason-Dixon,FL,9/17 - 9/19,3.5,48.0,47.0,800.0,Obama +1,1.0,9/17/2012,9/19/2012
69,Purple Strategies,FL,9/15 - 9/19,4.0,47.0,48.0,600.0,Romney +1,-1.0,9/15/2012,9/19/2012
70,WeAskAmerica,FL,9/18 - 9/18,2.8,49.0,46.0,1230.0,Obama +3,3.0,9/18/2012,9/18/2012
71,FOX News,FL,9/16 - 9/18,3.0,49.0,44.0,829.0,Obama +5,5.0,9/16/2012,9/18/2012
72,Gravis Marketing,FL,9/15 - 9/16,2.5,47.0,48.0,1728.0,Romney +1,-1.0,9/15/2012,9/16/2012
73,Rasmussen Reports,FL,9/12 - 9/12,4.5,48.0,46.0,500.0,Obama +2,2.0,9/12/2012,9/12/2012
74,Caddell/McLaughlin/SAN (R),FL,9/11 - 9/12,4.0,44.0,48.0,600.0,Romney +4,-4.0,9/11/2012,9/12/2012
75,NBC/WSJ/Marist,FL,9/9 - 9/11,3.1,49.0,44.0,980.0,Obama +5,5.0,9/9/2012,9/11/2012
76,AIF/McLaughlin (R),FL,9/9 - 9/10,4.0,47.0,50.0,600.0,Romney +3,-3.0,9/9/2012,9/10/2012
77,SurveyUSA,FL,9/7 - 9/9,4.1,48.0,44.0,596.0,Obama +4,4.0,9/7/2012,9/9/2012
78,Gravis Marketing,FL,9/2 - 9/2,2.7,47.0,48.0,1288.0,Romney +1,-1.0,9/2/2012,9/2/2012
79,PPP (D),FL,8/31 - 9/2,2.5,48.0,47.0,1548.0,Obama +1,1.0,8/31/2012,9/2/2012
80,CNN/Time,FL,8/22 - 8/26,3.0,50.0,46.0,776.0,Obama +4,4.0,8/22/2012,8/26/2012
81,Gravis Marketing,FL,8/20 - 8/20,3.8,46.0,50.0,728.0,Romney +4,-4.0,8/20/2012,8/20/2012
82,CBS/NYT/Quinnipiac,FL,8/15 - 8/21,3.0,49.0,46.0,1241.0,Obama +3,3.0,8/15/2012,8/21/2012
83,Rasmussen Reports,FL,8/15 - 8/15,4.5,43.0,45.0,500.0,Romney +2,-2.0,8/15/2012,8/15/2012
84,Purple Strategies,FL,8/13 - 8/14,4.0,47.0,48.0,600.0,Romney +1,-1.0,8/13/2012,8/14/2012
85,CBS/NYT/Quinnipiac,FL,7/24 - 7/30,3.0,51.0,45.0,1177.0,Obama +6,6.0,7/24/2012,7/30/2012
86,PPP (D),FL,7/26 - 7/29,3.3,48.0,47.0,871.0,Obama +1,1.0,7/26/2012,7/29/2012
87,SurveyUSA,FL,7/17 - 7/19,3.9,48.0,43.0,647.0,Obama +5,5.0,7/17/2012,7/19/2012
88,Purple Strategies,FL,7/9 - 7/13,4.0,45.0,48.0,600.0,Romney +3,-3.0,7/9/2012,7/13/2012
89,Mason-Dixon*,FL,7/9 - 7/11,3.5,46.0,45.0,800.0,Obama +1,1.0,7/9/2012,7/11/2012
90,Rasmussen Reports,FL,7/9 - 7/9,4.5,45.0,46.0,500.0,Romney +1,-1.0,7/9/2012,7/9/2012
91,WeAskAmerica,FL,7/1 - 7/2,2.9,46.0,45.0,1127.0,Obama +1,1.0,7/1/2012,7/2/2012
92,Quinnipiac,FL,6/19 - 6/25,2.8,45.0,41.0,1200.0,Obama +4,4.0,6/19/2012,6/25/2012
93,Quinnipiac,FL,6/12 - 6/18,2.4,46.0,42.0,1697.0,Obama +4,4.0,6/12/2012,6/18/2012
94,Purple Strategies,FL,5/31 - 6/5,4.0,45.0,49.0,600.0,Romney +4,-4.0,5/31/2012,6/5/2012
95,PPP (D),FL,5/31 - 6/3,3.9,50.0,46.0,642.0,Obama +4,4.0,5/31/2012,6/3/2012
96,NBC News/Marist,FL,5/17 - 5/20,3.0,48.0,44.0,1078.0,Obama +4,4.0,5/17/2012,5/20/2012
97,Quinnipiac,FL,5/15 - 5/21,2.4,41.0,47.0,1722.0,Romney +6,-6.0,5/15/2012,5/21/2012
98,Suffolk/WSVN,FL,5/6 - 5/8,4.0,46.0,45.0,600.0,Obama +1,1.0,5/6/2012,5/8/2012
99,Quinnipiac,FL,4/25 - 5/1,2.9,43.0,44.0,1169.0,Romney +1,-1.0,4/25/2012,5/1/2012
100,Rasmussen Reports,FL,4/25 - 4/25,4.5,45.0,46.0,500.0,Romney +1,-1.0,4/25/2012,4/25/2012
101,Purple Strategies,FL,4/19 - 4/23,4.1,44.0,47.0,600.0,Romney +3,-3.0,4/19/2012,4/23/2012
102,FOX News,FL,4/15 - 4/17,4.0,45.0,43.0,757.0,Obama +2,2.0,4/15/2012,4/17/2012
103,PPP (D),FL,4/12 - 4/15,3.7,50.0,45.0,700.0,Obama +5,5.0,4/12/2012,4/15/2012
104,Quinnipiac,FL,3/20 - 3/26,2.8,49.0,42.0,1228.0,Obama +7,7.0,3/20/2012,3/26/2012
105,Rasmussen Reports,FL,3/13 - 3/13,4.5,46.0,43.0,500.0,Obama +3,3.0,3/13/2012,3/13/2012
106,Rasmussen Reports,FL,2/9 - 2/9,4.5,47.0,44.0,500.0,Obama +3,3.0,2/9/2012,2/9/2012
107,NBC News/Marist,FL,1/25 - 1/27,2.6,49.0,41.0,1379.0,Obama +8,8.0,1/25/2012,1/27/2012
108,Miami Herald/Mason-Dixon,FL,1/24 - 1/26,3.5,44.0,48.0,800.0,Romney +4,-4.0,1/24/2012,1/26/2012
109,Suffolk/WSVN,FL,1/22 - 1/24,4.0,42.0,47.0,600.0,Romney +5,-5.0,1/22/2012,1/24/2012
110,Quinnipiac,FL,1/19 - 1/23,2.5,45.0,45.0,1518.0,Tie,0.0,1/19/2012,1/23/2012
111,Quinnipiac,FL,1/4 - 1/8,2.6,43.0,46.0,1412.0,Romney +3,-3.0,1/4/2012,1/8/2012
112,NBC News/Marist,FL,12/4 - 12/7,2.1,48.0,41.0,2119.0,Obama +7,7.0,12/4/2011,12/7/2011
113,Quinnipiac,FL,11/28 - 12/5,2.8,42.0,45.0,1226.0,Romney +3,-3.0,11/28/2011,12/5/2011
114,PPP (D),FL,11/28 - 12/1,3.7,45.0,44.0,700.0,Obama +1,1.0,11/28/2011,12/1/2011
115,Rasmussen Reports,FL,11/17 - 11/17,4.5,42.0,46.0,500.0,Romney +4,-4.0,11/17/2011,11/17/2011
116,Quinnipiac,FL,10/31 - 11/7,2.9,42.0,45.0,1185.0,Romney +3,-3.0,10/31/2011,11/7/2011
118,NBC News/Marist,FL,10/10 - 10/12,2.1,45.0,43.0,2225.0,Obama +2,2.0,10/10/2011,10/12/2011
119,PPP (D),FL,9/22 - 9/25,4.5,46.0,45.0,476.0,Obama +1,1.0,9/22/2011,9/25/2011
120,Quinnipiac,FL,9/14 - 9/19,3.1,40.0,47.0,1007.0,Romney +7,-7.0,9/14/2011,9/19/2011
121,Mason-Dixon,FL,8/18 - 8/22,4.0,43.0,51.0,625.0,Romney +8,-8.0,8/18/2012,8/22/2012
122,Magellan Strategies (R),FL,8/16 - 8/18,3.6,39.0,49.0,723.0,Romney +10,-10.0,8/16/2012,8/18/2012
123,AIF/McLaughlin (R),FL,8/8 - 8/9,4.0,44.0,45.0,600.0,Romney +1,-1.0,8/8/2012,8/9/2012
124,Quinnipiac,FL,8/1 - 8/2,3.6,44.0,44.0,743.0,Tie,0.0,8/1/2011,8/2/2011
125,Quinnipiac,FL,7/27 - 7/31,3.8,46.0,41.0,674.0,Obama +5,5.0,7/27/2011,7/31/2011
126,Sunshine State News/VSS,FL,7/5 - 7/7,3.1,42.0,46.0,1000.0,Romney +4,-4.0,7/5/2012,7/7/2012
127,PPP (D),FL,6/16 - 6/19,3.4,47.0,43.0,848.0,Obama +4,4.0,6/16/2011,6/19/2011
128,Suffolk University,FL,4/10 - 4/12,4.0,42.0,43.0,600.0,Romney +1,-1.0,4/10/2012,4/12/2012
129,Mason-Dixon,FL,4/4 - 4/7,3.5,43.0,48.0,800.0,Romney +5,-5.0,4/4/2012,4/7/2012
130,PPP (D),FL,3/24 - 3/27,4.4,46.0,44.0,500.0,Obama +2,2.0,3/24/2011,3/27/2011
131,PPP (D),FL,12/17 - 12/20,3.0,46.0,44.0,1034.0,Obama +2,2.0,12/17/2010,12/20/2010
132,WMUR/UNH,NH,9/27 - 9/30,4.0,54.0,39.0,600.0,Obama +15,15.0,9/27/2012,9/30/2012
133,ARG,NH,9/25 - 9/27,4.0,50.0,45.0,600.0,Obama +5,5.0,9/25/2012,9/27/2012
134,NBC/WSJ/Marist,NH,9/23 - 9/25,3.1,51.0,44.0,1012.0,Obama +7,7.0,9/23/2012,9/25/2012
135,Rasmussen Reports,NH,9/18 - 9/18,4.5,45.0,48.0,500.0,Romney +3,-3.0,9/18/2012,9/18/2012
136,ARG,NH,9/15 - 9/17,4.5,48.0,47.0,463.0,Obama +1,1.0,9/15/2012,9/17/2012
137,WMUR/UNH,NH,9/4 - 9/10,4.0,45.0,40.0,592.0,Obama +5,5.0,9/4/2012,9/10/2012
138,PPP (D),NH,8/9 - 8/12,3.0,51.0,45.0,1055.0,Obama +6,6.0,8/9/2012,8/12/2012
139,WMUR/UNH,NH,8/1 - 8/12,4.2,49.0,46.0,555.0,Obama +3,3.0,8/1/2012,8/12/2012
140,WMUR/UNH,NH,7/5 - 7/15,4.5,49.0,45.0,470.0,Obama +4,4.0,7/5/2012,7/15/2012
141,NBC News/Marist,NH,6/24 - 6/25,3.1,45.0,45.0,1029.0,Tie,0.0,6/24/2012,6/25/2012
142,ARG,NH,6/21 - 6/24,4.2,49.0,46.0,417.0,Obama +3,3.0,6/21/2012,6/24/2012
143,Rasmussen Reports,NH,6/20 - 6/20,4.5,48.0,43.0,500.0,Obama +5,5.0,6/20/2012,6/20/2012
144,PPP (D),NH,5/10 - 5/13,2.9,53.0,41.0,1163.0,Obama +12,12.0,5/10/2012,5/13/2012
145,WMUR/UNH,NH,4/9 - 4/20,4.4,51.0,42.0,486.0,Obama +9,9.0,4/9/2012,4/20/2012
146,Dartmouth,NH,4/2 - 4/5,4.9,42.0,44.0,403.0,Romney +2,-2.0,4/2/2012,4/5/2012
147,ARG,NH,3/15 - 3/18,4.2,48.0,41.0,557.0,Obama +7,7.0,3/15/2012,3/18/2012
148,WMUR/UNH,NH,1/25 - 2/2,4.4,50.0,40.0,495.0,Obama +10,10.0,1/25/2012,2/2/2012
149,NBC News/Marist,NH,11/28 - 11/30,2.9,43.0,46.0,1116.0,Romney +3,-3.0,11/28/2011,11/30/2011
150,WMUR/UNH,NH,11/15 - 11/20,4.0,44.0,47.0,606.0,Romney +3,-3.0,11/15/2011,11/20/2011
151,Bloomberg News,NH,11/10 - 11/11,5.5,40.0,50.0,324.0,Romney +10,-10.0,11/10/2011,11/11/2011
152,NBC News/Marist,NH,10/3 - 10/5,2.1,40.0,49.0,2218.0,Romney +9,-9.0,10/3/2011,10/5/2011
154,WMUR/UNH,NH,9/26 - 10/6,4.1,42.0,50.0,559.0,Romney +8,-8.0,9/26/2011,10/6/2011
155,PPP (D),NH,6/30 - 7/5,3.8,44.0,46.0,662.0,Romney +2,-2.0,6/30/2011,7/5/2011
156,WMUR/UNH,NH,6/21 - 7/1,3.5,43.0,47.0,729.0,Romney +4,-4.0,6/21/2011,7/1/2011
157,WMUR/UNH,NH,4/15 - 4/26,4.4,43.0,50.0,471.0,Romney +7,-7.0,4/15/2011,4/26/2011
158,Dartmouth,NH,4/11 - 4/14,4.8,39.0,47.0,426.0,Romney +8,-8.0,4/11/2012,4/14/2012
159,PPP (D),NH,3/31 - 4/3,3.5,47.0,46.0,769.0,Obama +1,1.0,3/31/2011,4/3/2011
160,Magellan Strategies (R),NH,2/9 - 2/10,3.5,48.0,44.0,789.0,Obama +4,4.0,2/9/2012,2/10/2012
161,WMUR/UNH,NH,1/28 - 2/7,3.5,41.0,49.0,757.0,Romney +8,-8.0,1/28/2011,2/7/2011
162,Monmouth University,NJ,9/19 - 9/23,4.0,52.0,37.0,613.0,Obama +15,15.0,9/19/2012,9/23/2012
163,Philadelphia Inquirer,NJ,9/9 - 9/12,4.0,51.0,37.0,600.0,Obama +14,14.0,9/9/2012,9/12/2012
164,Fairleigh Dickinson,NJ,9/6 - 9/12,3.8,52.0,38.0,706.0,Obama +14,14.0,9/6/2012,9/12/2012
165,Quinnipiac,NJ,8/27 - 9/2,2.6,51.0,44.0,1471.0,Obama +7,7.0,8/27/2012,9/2/2012
166,Rutgers-Eagleton,NJ,8/23 - 8/25,3.5,51.0,37.0,710.0,Obama +14,14.0,8/23/2012,8/25/2012
167,Fairleigh Dickinson,NJ,7/23 - 7/29,3.5,49.0,36.0,849.0,Obama +13,13.0,7/23/2012,7/29/2012
168,Monmouth University,NJ,7/18 - 7/22,4.2,50.0,42.0,535.0,Obama +8,8.0,7/18/2012,7/22/2012
169,Quinnipiac,NJ,7/9 - 7/15,2.4,49.0,38.0,1623.0,Obama +11,11.0,7/9/2012,7/15/2012
170,Rutgers-Eagleton,NJ,5/31 - 6/4,2.9,56.0,33.0,1065.0,Obama +23,23.0,5/31/2012,6/4/2012
171,Quinnipiac,NJ,5/9 - 5/14,2.5,49.0,39.0,1582.0,Obama +10,10.0,5/9/2012,5/14/2012
172,Quinnipiac,NJ,4/3 - 4/9,2.4,49.0,40.0,1607.0,Obama +9,9.0,4/3/2012,4/9/2012
173,Fairleigh Dickinson,NJ,3/5 - 3/11,3.5,50.0,37.0,800.0,Obama +13,13.0,3/5/2012,3/11/2012
174,SurveyUSA,NJ,2/24 - 2/26,4.3,52.0,38.0,533.0,Obama +14,14.0,2/24/2012,2/26/2012
175,Quinnipiac,NJ,2/21 - 2/27,2.6,49.0,39.0,1396.0,Obama +10,10.0,2/21/2012,2/27/2012
176,Quinnipiac,NJ,1/10 - 1/16,2.6,48.0,38.0,1460.0,Obama +10,10.0,1/10/2012,1/16/2012
177,Quinnipiac,NJ,11/9 - 11/14,2.3,49.0,40.0,1788.0,Obama +9,9.0,11/9/2011,11/14/2011
178,Quinnipiac,NJ,10/5 - 10/10,2.9,47.0,41.0,1186.0,Obama +6,6.0,10/5/2011,10/10/2011
179,PPP (D),NJ,7/15 - 7/18,4.5,53.0,39.0,480.0,Obama +14,14.0,7/15/2012,7/18/2012
180,Rasmussen Reports,NJ,5/26 - 5/26,4.5,49.0,43.0,500.0,Obama +6,6.0,5/26/2012,5/26/2012
181,PPP (D),NJ,1/6 - 1/9,4.3,52.0,37.0,520.0,Obama +15,15.0,1/6/2012,1/9/2012
182,Rasmussen Reports,NM,9/27 - 9/27,4.5,51.0,40.0,500.0,Obama +11,11.0,9/27/2012,9/27/2012
183,WeAskAmerica*,NM,9/25 - 9/27,2.9,51.0,41.0,1258.0,Obama +10,10.0,9/25/2012,9/27/2012
184,PPP (D),NM,9/7 - 9/9,2.9,53.0,42.0,1122.0,Obama +11,11.0,9/7/2012,9/9/2012
185,Albuquerque Journal*,NM,9/3 - 9/6,3.8,45.0,40.0,667.0,Obama +5,5.0,9/3/2012,9/6/2012
186,Rasmussen Reports,NM,8/21 - 8/21,4.5,52.0,38.0,500.0,Obama +14,14.0,8/21/2012,8/21/2012
187,PPP (D),NM,7/13 - 7/16,3.6,49.0,44.0,724.0,Obama +5,5.0,7/13/2012,7/16/2012
188,WeAskAmerica,NM,7/9 - 7/10,2.8,51.0,40.0,1295.0,Obama +11,11.0,7/9/2012,7/10/2012
189,PPP (D),NM,4/19 - 4/22,4.3,54.0,40.0,526.0,Obama +14,14.0,4/19/2012,4/22/2012
190,Rasmussen Reports,NM,4/3 - 4/3,4.5,52.0,36.0,500.0,Obama +16,16.0,4/3/2012,4/3/2012
191,Rasmussen Reports,NM,2/14 - 2/14,4.5,55.0,36.0,500.0,Obama +19,19.0,2/14/2012,2/14/2012
192,PPP (D),NM,12/10 - 12/12,4.4,53.0,38.0,500.0,Obama +15,15.0,12/10/2011,12/12/2011
193,PPP (D),NM,6/23 - 6/26,3.6,49.0,42.0,732.0,Obama +7,7.0,6/23/2011,6/26/2011
194,PPP (D),NM,2/4 - 2/6,4.2,53.0,37.0,545.0,Obama +16,16.0,2/4/2011,2/6/2011
195,SurveyUSA,NC,9/29 - 10/1,4.2,49.0,47.0,573.0,Obama +2,2.0,9/29/2012,10/1/2012
196,ARG,NC,9/28 - 9/30,4.0,46.0,50.0,600.0,Romney +4,-4.0,9/28/2012,9/30/2012
197,PPP (D),NC,9/27 - 9/30,3.1,48.0,48.0,981.0,Tie,0.0,9/27/2012,9/30/2012
198,NBC/WSJ/Marist,NC,9/23 - 9/25,3.1,48.0,46.0,1035.0,Obama +2,2.0,9/23/2012,9/25/2012
199,Civitas (R),NC,9/18 - 9/19,4.0,49.0,45.0,600.0,Obama +4,4.0,9/18/2012,9/19/2012
200,Purple Strategies,NC,9/15 - 9/19,4.0,48.0,46.0,600.0,Obama +2,2.0,9/15/2012,9/19/2012
201,Rasmussen Reports,NC,9/13 - 9/13,4.5,45.0,51.0,500.0,Romney +6,-6.0,9/13/2012,9/13/2012
202,High Point,NC,9/8 - 9/18,4.7,48.0,44.0,448.0,Obama +4,4.0,9/8/2012,9/18/2012
203,PPP (D),NC,9/7 - 9/9,3.0,49.0,48.0,1087.0,Obama +1,1.0,9/7/2012,9/9/2012
204,SurveyUSA/Civitas (R),NC,9/4 - 9/6,4.5,43.0,53.0,500.0,Romney +10,-10.0,9/4/2012,9/6/2012
205,PPP (D),NC,8/31 - 9/2,3.1,48.0,48.0,1012.0,Tie,0.0,8/31/2012,9/2/2012
206,Elon Univ./Charlotte Observer,NC,8/25 - 8/30,3.0,43.0,47.0,1089.0,Romney +4,-4.0,8/25/2012,8/30/2012
207,High Point/SurveyUSA,NC,8/26 - 8/30,4.3,43.0,46.0,543.0,Romney +3,-3.0,8/26/2012,8/30/2012
208,CNN/Time,NC,8/22 - 8/26,3.0,47.0,48.0,766.0,Romney +1,-1.0,8/22/2012,8/26/2012
209,High Point/SurveyUSA,NC,8/18 - 8/23,4.3,43.0,43.0,540.0,Tie,0.0,8/18/2012,8/23/2012
210,PPP (D),NC,8/2 - 8/5,3.4,49.0,46.0,813.0,Obama +3,3.0,8/2/2012,8/5/2012
211,Rasmussen Reports,NC,8/1 - 8/1,4.5,44.0,49.0,500.0,Romney +5,-5.0,8/1/2012,8/1/2012
212,Civitas (R),NC,7/16 - 7/18,4.0,48.0,49.0,600.0,Romney +1,-1.0,7/16/2012,7/18/2012
213,PPP (D),NC,7/5 - 7/8,3.5,47.0,46.0,775.0,Obama +1,1.0,7/5/2012,7/8/2012
214,Project New America/Myers (D),NC,7/1 - 7/8,4.4,48.0,49.0,500.0,Romney +1,-1.0,7/1/2012,7/8/2012
215,SurveyUSA/Civitas (R),NC,6/29 - 7/1,4.2,45.0,50.0,558.0,Romney +5,-5.0,6/29/2012,7/1/2012
216,NBC News/Marist,NC,6/24 - 6/25,3.1,46.0,44.0,1019.0,Obama +2,2.0,6/24/2012,6/25/2012
217,Rasmussen Reports,NC,6/25 - 6/25,4.5,44.0,47.0,500.0,Romney +3,-3.0,6/25/2012,6/25/2012
218,PPP (D),NC,6/7 - 6/10,3.4,46.0,48.0,810.0,Romney +2,-2.0,6/7/2012,6/10/2012
219,Civitas (R),NC,5/19 - 5/20,4.0,45.0,47.0,600.0,Romney +2,-2.0,5/19/2012,5/20/2012
220,SurveyUSA,NC,5/18 - 5/21,4.4,44.0,45.0,524.0,Romney +1,-1.0,5/18/2012,5/21/2012
221,Rasmussen Reports,NC,5/14 - 5/14,4.5,43.0,51.0,500.0,Romney +8,-8.0,5/14/2012,5/14/2012
222,PPP (D),NC,5/10 - 5/13,3.8,48.0,47.0,666.0,Obama +1,1.0,5/10/2012,5/13/2012
223,SurveyUSA,NC,4/26 - 4/30,2.5,47.0,43.0,1636.0,Obama +4,4.0,4/26/2012,4/30/2012
224,Rasmussen Reports,NC,4/10 - 4/10,4.5,44.0,46.0,500.0,Romney +2,-2.0,4/10/2012,4/10/2012
225,PPP (D),NC,4/4 - 4/7,3.1,49.0,44.0,975.0,Obama +5,5.0,4/4/2012,4/7/2012
226,PPP (D),NC,3/8 - 3/11,3.5,49.0,46.0,804.0,Obama +3,3.0,3/8/2012,3/11/2012
227,Civitas (R),NC,2/27 - 2/28,4.0,48.0,46.0,600.0,Obama +2,2.0,2/27/2012,2/28/2012
228,PPP (D),NC,2/3 - 2/5,3.0,47.0,46.0,1052.0,Obama +1,1.0,2/3/2012,2/5/2012
229,Civitas (R),NC,1/9 - 1/11,4.0,39.0,48.0,300.0,Romney +9,-9.0,1/9/2012,1/11/2012
230,PPP (D),NC,1/5 - 1/8,3.5,46.0,45.0,780.0,Obama +1,1.0,1/5/2012,1/8/2012
231,PPP (D),NC,12/1 - 12/4,3.3,46.0,46.0,865.0,Tie,0.0,12/1/2011,12/4/2011
232,PPP (D),NC,10/27 - 10/31,4.0,45.0,46.0,615.0,Romney +1,-1.0,10/27/2011,10/31/2011
233,PPP (D),NC,9/30 - 10/3,3.6,46.0,45.0,760.0,Obama +1,1.0,9/30/2011,10/3/2011
234,Civitas (R),NC,9/22 - 9/25,4.0,39.0,50.0,600.0,Romney +11,-11.0,9/22/2011,9/25/2011
235,Magellan Strategies (R),NC,9/7 - 9/8,3.2,45.0,43.0,923.0,Obama +2,2.0,9/7/2012,9/8/2012
236,PPP (D),NC,9/1 - 9/4,4.3,45.0,44.0,520.0,Obama +1,1.0,9/1/2011,9/4/2011
237,PPP (D),NC,8/4 - 8/7,3.5,46.0,43.0,780.0,Obama +3,3.0,8/4/2011,8/7/2011
238,PPP (D),NC,7/7 - 7/10,3.8,45.0,45.0,651.0,Tie,0.0,7/7/2011,7/10/2011
239,PPP (D),NC,6/8 - 6/11,4.1,45.0,44.0,563.0,Obama +1,1.0,6/8/2011,6/11/2011
240,PPP (D),NC,5/12 - 5/15,3.4,46.0,43.0,835.0,Obama +3,3.0,5/12/2011,5/15/2011
241,PPP (D),NC,4/14 - 4/17,4.4,47.0,44.0,507.0,Obama +3,3.0,4/14/2011,4/17/2011
242,PPP (D),NC,3/17 - 3/20,4.1,44.0,42.0,584.0,Obama +2,2.0,3/17/2011,3/20/2011
243,PPP (D),NC,2/16 - 2/21,3.8,47.0,44.0,650.0,Obama +3,3.0,2/16/2011,2/21/2011
244,PPP (D),NC,1/20 - 1/23,4.1,47.0,44.0,575.0,Obama +3,3.0,1/20/2011,1/23/2011
245,PPP (D),NC,12/17 - 12/19,4.3,46.0,43.0,520.0,Obama +3,3.0,12/17/2010,12/19/2010
246,PPP (D),NC,11/19 - 11/21,4.3,44.0,44.0,517.0,Tie,0.0,11/19/2010,11/21/2010
247,Rasmussen Reports,ND,7/10 - 7/11,5.0,36.0,51.0,400.0,Romney +15,-15.0,7/10/2012,7/11/2012
248,Mason-Dixon,ND,6/4 - 6/6,4.0,39.0,52.0,625.0,Romney +13,-13.0,6/4/2012,6/6/2012
249,Omaha World-Herald,NE,9/17 - 9/20,3.8,39.0,53.0,656.0,Romney +14,-14.0,9/17/2012,9/20/2012
250,Rasmussen Reports,NE,5/16 - 5/16,4.5,39.0,53.0,500.0,Romney +14,-14.0,5/16/2012,5/16/2012
251,PPP (D),NE,3/22 - 3/25,3.1,39.0,51.0,1028.0,Romney +12,-12.0,3/22/2012,3/25/2012
252,Rasmussen Reports,NE,3/5 - 3/5,4.5,35.0,52.0,500.0,Romney +17,-17.0,3/5/2012,3/5/2012
253,PPP (D),NE,9/30 - 10/2,3.6,38.0,51.0,739.0,Romney +13,-13.0,9/30/2011,10/2/2011
254,PPP (D),NE,1/26 - 1/27,3.1,37.0,49.0,977.0,Romney +12,-12.0,1/26/2011,1/27/2011
255,Quinnipiac,NY,9/4 - 9/9,2.5,62.0,34.0,1486.0,Obama +28,28.0,9/4/2012,9/9/2012
256,Siena,NY,8/14 - 8/19,3.8,62.0,33.0,671.0,Obama +29,29.0,8/14/2012,8/19/2012
257,Quinnipiac,NY,7/17 - 7/23,2.3,55.0,32.0,1779.0,Obama +23,23.0,7/17/2012,7/23/2012
258,Siena,NY,7/10 - 7/15,3.6,61.0,34.0,758.0,Obama +27,27.0,7/10/2012,7/15/2012
259,Siena,NY,6/3 - 6/6,3.4,59.0,35.0,807.0,Obama +24,24.0,6/3/2012,6/6/2012
260,Quinnipiac,NY,5/22 - 5/28,2.5,56.0,31.0,1504.0,Obama +25,25.0,5/22/2012,5/28/2012
261,Siena,NY,5/6 - 5/10,3.5,57.0,37.0,766.0,Obama +20,20.0,5/6/2012,5/10/2012
262,Marist,NY,4/10 - 4/12,4.0,57.0,35.0,632.0,Obama +22,22.0,4/10/2012,4/12/2012
263,Siena,NY,4/1 - 4/4,3.4,60.0,35.0,808.0,Obama +25,25.0,4/1/2012,4/4/2012
264,Quinnipiac,NY,3/28 - 4/2,2.5,56.0,33.0,1597.0,Obama +23,23.0,3/28/2012,4/2/2012
265,Siena,NY,2/26 - 2/29,3.4,60.0,34.0,808.0,Obama +26,26.0,2/26/2012,2/29/2012
266,SurveyUSA,NY,2/24 - 2/26,4.3,60.0,30.0,518.0,Obama +30,30.0,2/24/2012,2/26/2012
267,Quinnipiac,NY,2/8 - 2/13,2.8,52.0,35.0,1233.0,Obama +17,17.0,2/8/2012,2/13/2012
268,Siena,NY,1/29 - 2/1,3.4,63.0,31.0,807.0,Obama +32,32.0,1/29/2012,2/1/2012
269,Marist,NY,1/18 - 1/19,6.0,58.0,35.0,296.0,Obama +23,23.0,1/18/2012,1/19/2012
270,Siena,NY,11/8 - 11/13,3.5,59.0,34.0,803.0,Obama +25,25.0,11/8/2011,11/13/2011
271,Marist,NY,10/25 - 10/27,3.5,59.0,35.0,855.0,Obama +24,24.0,10/25/2011,10/27/2011
272,Siena,NY,10/10 - 10/12,3.5,55.0,37.0,800.0,Obama +18,18.0,10/10/2011,10/12/2011
273,Siena,NY,9/15 - 9/21,3.4,56.0,36.0,808.0,Obama +20,20.0,9/15/2011,9/21/2011
274,Siena,NY,8/9 - 8/14,3.1,55.0,37.0,1008.0,Obama +18,18.0,8/9/2011,8/14/2011
275,WPRI/Fleming,RI,9/26 - 9/29,4.4,57.0,33.0,501.0,Obama +24,24.0,9/26/2012,9/29/2012
276,PPP (D),RI,2/16 - 2/22,4.2,54.0,37.0,544.0,Obama +17,17.0,2/16/2012,2/22/2012
277,WeAskAmerica,NV,9/25 - 9/27,3.1,53.0,42.0,1078.0,Obama +11,11.0,9/25/2012,9/27/2012
278,NBC/WSJ/Marist,NV,9/23 - 9/25,3.1,49.0,47.0,984.0,Obama +2,2.0,9/23/2012,9/25/2012
279,ARG,NV,9/20 - 9/23,4.0,51.0,44.0,600.0,Obama +7,7.0,9/20/2012,9/23/2012
280,Retail Assoc. of Nevada/POS (R),NV,9/19 - 9/20,4.4,46.0,46.0,500.0,Tie,0.0,9/19/2012,9/20/2012
281,PPP (D),NV,9/18 - 9/20,4.4,52.0,43.0,501.0,Obama +9,9.0,9/18/2012,9/20/2012
282,Rasmussen Reports,NV,9/18 - 9/18,4.5,47.0,45.0,500.0,Obama +2,2.0,9/18/2012,9/18/2012
283,CNN/Opinion Research,NV,9/14 - 9/18,3.5,49.0,46.0,741.0,Obama +3,3.0,9/14/2012,9/18/2012
284,PPP (D),NV,8/23 - 8/26,3.4,50.0,47.0,831.0,Obama +3,3.0,8/23/2012,8/26/2012
285,LVRJ/SurveyUSA,NV,8/16 - 8/21,3.4,47.0,45.0,869.0,Obama +2,2.0,8/16/2012,8/21/2012
286,Rasmussen Reports,NV,7/24 - 7/24,4.5,50.0,45.0,500.0,Obama +5,5.0,7/24/2012,7/24/2012
287,WeAskAmerica*,NV,7/17 - 7/18,3.0,49.0,43.0,1092.0,Obama +6,6.0,7/17/2012,7/18/2012
288,AFP/Magellan (R),NV,7/16 - 7/17,3.8,50.0,46.0,665.0,Obama +4,4.0,7/16/2012,7/17/2012
289,PPP (D),NV,6/7 - 6/10,4.4,48.0,42.0,500.0,Obama +6,6.0,6/7/2012,6/10/2012
290,NBC News/Marist,NV,5/22 - 5/24,3.0,48.0,46.0,1040.0,Obama +2,2.0,5/22/2012,5/24/2012
291,Rasmussen Reports,NV,4/30 - 4/30,4.5,52.0,44.0,500.0,Obama +8,8.0,4/30/2012,4/30/2012
292,PPP (D),NV,3/29 - 4/1,4.2,51.0,43.0,553.0,Obama +8,8.0,3/29/2012,4/1/2012
293,Rasmussen Reports,NV,3/19 - 3/19,4.5,50.0,44.0,500.0,Obama +6,6.0,3/19/2012,3/19/2012
294,Las Vegas Review-Journal,NV,12/12 - 12/20,4.0,46.0,40.0,600.0,Obama +6,6.0,12/12/2011,12/20/2011
295,PPP (D),NV,10/20 - 10/23,4.4,46.0,46.0,500.0,Tie,0.0,10/20/2011,10/23/2011
296,PPP (D),NV,7/28 - 7/31,4.0,47.0,46.0,601.0,Obama +1,1.0,7/28/2011,7/31/2011
297,PPP (D),NV,4/21 - 4/24,4.4,43.0,46.0,491.0,Romney +3,-3.0,4/21/2011,4/24/2011
298,PPP (D),NV,1/3 - 1/5,3.2,47.0,46.0,932.0,Obama +1,1.0,1/3/2011,1/5/2011
299,WeAskAmerica,CO,9/25 - 9/27,2.8,49.0,46.0,1273.0,Obama +3,3.0,9/25/2012,9/27/2012
300,Gravis Marketing,CO,9/21 - 9/22,3.4,50.0,46.0,765.0,Obama +4,4.0,9/21/2012,9/22/2012
301,PPP (D),CO,9/20 - 9/23,3.2,51.0,45.0,940.0,Obama +6,6.0,9/20/2012,9/23/2012
302,Purple Strategies,CO,9/15 - 9/19,4.0,48.0,45.0,600.0,Obama +3,3.0,9/15/2012,9/19/2012
303,Rasmussen Reports,CO,9/17 - 9/17,4.5,45.0,47.0,500.0,Romney +2,-2.0,9/17/2012,9/17/2012
304,NBC/WSJ/Marist,CO,9/16 - 9/18,3.1,50.0,45.0,971.0,Obama +5,5.0,9/16/2012,9/18/2012
305,CBS/NYT/Quinnipiac,CO,9/11 - 9/17,3.0,48.0,47.0,1497.0,Obama +1,1.0,9/11/2012,9/17/2012
306,ARG,CO,9/10 - 9/12,4.0,49.0,47.0,600.0,Obama +2,2.0,9/10/2012,9/12/2012
307,Denver Post/SurveyUSA,CO,9/9 - 9/12,4.0,47.0,46.0,615.0,Obama +1,1.0,9/9/2012,9/12/2012
308,Project New America/Keating (D),CO,9/10 - 9/11,4.4,49.0,44.0,503.0,Obama +5,5.0,9/10/2012,9/11/2012
309,PPP (D),CO,8/31 - 9/2,3.1,49.0,46.0,1001.0,Obama +3,3.0,8/31/2012,9/2/2012
310,Keating (D),CO,8/21 - 8/22,4.4,48.0,44.0,500.0,Obama +4,4.0,8/21/2012,8/22/2012
311,Purple Strategies,CO,8/13 - 8/14,4.0,49.0,46.0,600.0,Obama +3,3.0,8/13/2012,8/14/2012
312,Gravis Marketing,CO,8/9 - 8/9,4.0,45.0,46.0,607.0,Romney +1,-1.0,8/9/2012,8/9/2012
313,Rasmussen Reports,CO,8/6 - 8/6,4.5,47.0,47.0,500.0,Tie,0.0,8/6/2012,8/6/2012
314,CBS/NYT/Quinnipiac,CO,7/31 - 8/6,3.0,45.0,50.0,1463.0,Romney +5,-5.0,7/31/2012,8/6/2012
315,PPP (D),CO,8/2 - 8/5,3.5,49.0,43.0,779.0,Obama +6,6.0,8/2/2012,8/5/2012
316,Purple Strategies,CO,7/9 - 7/13,4.0,45.0,44.0,600.0,Obama +1,1.0,7/9/2012,7/13/2012
317,WeAskAmerica,CO,6/25 - 6/25,3.0,47.0,43.0,1083.0,Obama +4,4.0,6/25/2012,6/25/2012
318,PPP (D),CO,6/14 - 6/17,3.5,49.0,42.0,799.0,Obama +7,7.0,6/14/2012,6/17/2012
319,Rasmussen Reports,CO,6/6 - 6/6,4.5,45.0,45.0,500.0,Tie,0.0,6/6/2012,6/6/2012
320,Purple Strategies,CO,5/31 - 6/5,4.0,48.0,46.0,600.0,Obama +2,2.0,5/31/2012,6/5/2012
321,NBC News/Marist,CO,5/22 - 5/24,3.0,46.0,45.0,1030.0,Obama +1,1.0,5/22/2012,5/24/2012
322,Project New America/Keating (D),CO,5/21 - 5/24,4.0,48.0,44.0,601.0,Obama +4,4.0,5/21/2012,5/24/2012
323,Purple Strategies,CO,4/19 - 4/23,4.1,47.0,47.0,600.0,Tie,0.0,4/19/2012,4/23/2012
324,PPP (D),CO,4/5 - 4/7,4.2,53.0,40.0,542.0,Obama +13,13.0,4/5/2012,4/7/2012
325,PPP (D),CO,12/1 - 12/4,3.5,47.0,45.0,793.0,Obama +2,2.0,12/1/2011,12/4/2011
326,PPP (D),CO,8/4 - 8/7,4.3,48.0,41.0,510.0,Obama +7,7.0,8/4/2011,8/7/2011
327,PPP (D),CO,2/4 - 2/6,4.3,47.0,41.0,517.0,Obama +6,6.0,2/4/2011,2/6/2011
328,PPIC,CA,9/9 - 9/16,4.4,53.0,39.0,995.0,Obama +14,14.0,9/9/2012,9/16/2012
329,Field,CA,9/6 - 9/17,3.4,58.0,34.0,891.0,Obama +24,24.0,9/6/2012,9/17/2012
330,SurveyUSA,CA,9/9 - 9/11,4.3,57.0,35.0,524.0,Obama +22,22.0,9/9/2012,9/11/2012
331,Field,CA,6/21 - 7/2,3.4,55.0,37.0,848.0,Obama +18,18.0,6/21/2012,7/2/2012
332,SurveyUSA,CA,5/27 - 5/29,2.5,57.0,36.0,1575.0,Obama +21,21.0,5/27/2012,5/29/2012
333,Field,CA,5/21 - 5/29,3.8,48.0,32.0,710.0,Obama +16,16.0,5/21/2012,5/29/2012
334,LA Times/USC,CA,5/17 - 5/21,3.5,56.0,37.0,1002.0,Obama +19,19.0,5/17/2012,5/21/2012
335,PPIC,CA,5/14 - 5/20,4.2,50.0,39.0,894.0,Obama +11,11.0,5/14/2012,5/20/2012
336,SurveyUSA,CA,3/29 - 4/2,2.2,62.0,31.0,1995.0,Obama +31,31.0,3/29/2012,4/2/2012
337,LA Times/USC,CA,3/14 - 3/19,2.9,57.0,36.0,1500.0,Obama +21,21.0,3/14/2012,3/19/2012
338,Rasmussen Reports,CA,2/8 - 2/16,4.5,57.0,35.0,500.0,Obama +22,22.0,2/8/2012,2/16/2012
339,Field,CA,2/2 - 2/18,3.1,55.0,35.0,1003.0,Obama +20,20.0,2/2/2012,2/18/2012
340,SurveyUSA,CA,2/8 - 2/9,2.1,60.0,31.0,2088.0,Obama +29,29.0,2/8/2012,2/9/2012
341,Field,CA,11/15 - 11/27,3.1,50.0,40.0,1000.0,Obama +10,10.0,11/15/2011,11/27/2011
342,PPP (D),CA,11/10 - 11/13,4.4,57.0,36.0,500.0,Obama +21,21.0,11/10/2011,11/13/2011
343,SurveyUSA,CA,11/10 - 11/10,3.5,50.0,39.0,800.0,Obama +11,11.0,11/10/2011,11/10/2011
344,LA Times/USC,CA,10/30 - 11/9,2.5,52.0,35.0,1500.0,Obama +17,17.0,10/30/2011,11/9/2011
345,Field,CA,9/1 - 9/12,3.2,51.0,38.0,1001.0,Obama +13,13.0,9/1/2011,9/12/2011
346,LA Times/USC,CA,8/17 - 8/28,,54.0,35.0,1408.0,Obama +19,19.0,8/17/2011,8/28/2011
347,PPP (D),CA,1/28 - 1/30,3.3,56.0,36.0,892.0,Obama +20,20.0,1/28/2011,1/30/2011
348,InsiderAdvantage,GA,9/18 - 9/18,4.5,35.0,56.0,483.0,Romney +21,-21.0,9/18/2012,9/18/2012
349,SurveyUSA,GA,7/29 - 7/29,2.9,42.0,50.0,1169.0,Romney +8,-8.0,7/29/2012,7/29/2012
350,InsiderAdvantage,GA,7/24 - 7/24,4.0,41.0,50.0,591.0,Romney +9,-9.0,7/24/2012,7/24/2012
351,InsiderAdvantage,GA,5/22 - 5/22,5.0,40.0,52.0,438.0,Romney +12,-12.0,5/22/2012,5/22/2012
352,Landmark/Rosetta Stone,GA,5/10 - 5/10,4.0,40.0,51.0,600.0,Romney +11,-11.0,5/10/2012,5/10/2012
353,SurveyUSA,GA,2/23 - 2/26,2.9,42.0,49.0,1156.0,Romney +7,-7.0,2/23/2012,2/26/2012
354,SurveyUSA,GA,2/1 - 2/2,3.0,43.0,51.0,1144.0,Romney +8,-8.0,2/1/2012,2/2/2012
355,Mason-Dixon,GA,12/12 - 12/14,4.0,38.0,55.0,625.0,Romney +17,-17.0,12/12/2011,12/14/2011
356,SurveyUSA,GA,12/6 - 12/7,2.9,42.0,49.0,1176.0,Romney +7,-7.0,12/6/2011,12/7/2011
357,PPP (D),GA,3/31 - 4/3,3.5,43.0,46.0,790.0,Romney +3,-3.0,3/31/2012,4/3/2012
358,PPP (D),CT,9/24 - 9/26,3.5,54.0,41.0,801.0,Obama +13,13.0,9/24/2012,9/26/2012
359,Hartford Courant/UConn,CT,9/11 - 9/16,4.4,53.0,32.0,508.0,Obama +21,21.0,9/11/2012,9/16/2012
360,Quinnipiac,CT,8/22 - 8/26,2.6,52.0,45.0,1472.0,Obama +7,7.0,8/22/2012,8/26/2012
361,PPP (D),CT,8/22 - 8/23,3.3,53.0,40.0,881.0,Obama +13,13.0,8/22/2012,8/23/2012
362,Rasmussen Reports,CT,8/21 - 8/21,4.5,51.0,43.0,500.0,Obama +8,8.0,8/21/2012,8/21/2012
363,PPP (D),CT,7/26 - 7/29,3.5,51.0,43.0,771.0,Obama +8,8.0,7/26/2012,7/29/2012
364,Quinnipiac,CT,5/29 - 6/3,2.6,50.0,38.0,1408.0,Obama +12,12.0,5/29/2012,6/3/2012
365,Quinnipiac,CT,3/14 - 3/19,2.4,53.0,37.0,1622.0,Obama +16,16.0,3/14/2012,3/19/2012
366,PPP (D),CT,9/22 - 9/25,4.0,47.0,45.0,592.0,Obama +2,2.0,9/22/2011,9/25/2011
367,Quinnipiac,CT,9/8 - 9/13,2.8,49.0,36.0,1230.0,Obama +13,13.0,9/8/2011,9/13/2011
368,Sooner Poll,OK,7/26 - 8/14,4.4,29.0,58.0,495.0,Romney +29,-29.0,7/26/2012,8/14/2012
369,Sooner Poll,OK,5/7 - 5/10,4.4,27.0,62.0,504.0,Romney +35,-35.0,5/7/2012,5/10/2012
370,PPP (D),OH,9/27 - 9/30,3.3,49.0,45.0,897.0,Obama +4,4.0,9/27/2012,9/30/2012
371,Columbus Dispatch*,OH,9/19 - 9/29,2.2,51.0,42.0,1662.0,Obama +9,9.0,9/19/2012,9/29/2012
372,Gravis Marketing,OH,9/21 - 9/22,4.3,45.0,44.0,594.0,Obama +1,1.0,9/21/2012,9/22/2012
373,Washington Post,OH,9/19 - 9/23,4.5,52.0,44.0,759.0,Obama +8,8.0,9/19/2012,9/23/2012
374,CBS/NYT/Quinnipiac,OH,9/18 - 9/24,3.0,53.0,43.0,1162.0,Obama +10,10.0,9/18/2012,9/24/2012
375,Purple Strategies,OH,9/15 - 9/19,4.0,48.0,44.0,600.0,Obama +4,4.0,9/15/2012,9/19/2012
376,FOX News,OH,9/16 - 9/18,3.0,49.0,42.0,1009.0,Obama +7,7.0,9/16/2012,9/18/2012
377,Ohio Newspapers/Univ of Cin.,OH,9/13 - 9/18,3.3,51.0,46.0,861.0,Obama +5,5.0,9/13/2012,9/18/2012
378,Caddell/McLaughlin/SAN (R),OH,9/13 - 9/15,4.0,47.0,44.0,600.0,Obama +3,3.0,9/13/2012,9/15/2012
379,Rasmussen Reports,OH,9/12 - 9/12,4.5,47.0,46.0,500.0,Obama +1,1.0,9/12/2012,9/12/2012
380,ARG,OH,9/10 - 9/12,4.0,48.0,47.0,600.0,Obama +1,1.0,9/10/2012,9/12/2012
381,NBC/WSJ/Marist,OH,9/9 - 9/11,3.1,50.0,43.0,979.0,Obama +7,7.0,9/9/2012,9/11/2012
382,PPP (D),OH,9/7 - 9/9,3.0,50.0,45.0,1072.0,Obama +5,5.0,9/7/2012,9/9/2012
383,Gravis Marketing,OH,9/7 - 9/8,2.7,47.0,43.0,1548.0,Obama +4,4.0,9/7/2012,9/8/2012
384,Gravis Marketing,OH,9/2 - 9/2,2.9,44.0,47.0,1381.0,Romney +3,-3.0,9/2/2012,9/2/2012
385,Gravis Marketing,OH,8/27 - 8/27,3.0,45.0,44.0,1397.0,Obama +1,1.0,8/27/2012,8/27/2012
386,Columbus Dispatch*,OH,8/15 - 8/25,2.1,45.0,45.0,1758.0,Tie,0.0,8/15/2012,8/25/2012
387,Ohio Poll/Univ of Cin.,OH,8/16 - 8/21,3.4,49.0,46.0,847.0,Obama +3,3.0,8/16/2012,8/21/2012
388,CBS/NYT/Quinnipiac,OH,8/15 - 8/21,3.0,50.0,44.0,1253.0,Obama +6,6.0,8/15/2012,8/21/2012
389,Purple Strategies,OH,8/13 - 8/14,4.0,44.0,46.0,600.0,Romney +2,-2.0,8/13/2012,8/14/2012
390,Rasmussen Reports,OH,8/13 - 8/13,4.5,45.0,45.0,500.0,Tie,0.0,8/13/2012,8/13/2012
391,PPP (D),OH,8/9 - 8/12,3.2,48.0,45.0,961.0,Obama +3,3.0,8/9/2012,8/12/2012
392,CBS/NYT/Quinnipiac,OH,7/24 - 7/30,3.0,50.0,44.0,1193.0,Obama +6,6.0,7/24/2012,7/30/2012
393,WeAskAmerica*,OH,7/24 - 7/24,3.0,48.0,40.0,1115.0,Obama +8,8.0,7/24/2012,7/24/2012
394,Rasmussen Reports,OH,7/18 - 7/18,4.5,47.0,45.0,500.0,Obama +2,2.0,7/18/2012,7/18/2012
395,Purple Strategies,OH,7/9 - 7/13,4.0,48.0,45.0,600.0,Obama +3,3.0,7/9/2012,7/13/2012
396,Quinnipiac,OH,6/19 - 6/25,2.8,47.0,38.0,1237.0,Obama +9,9.0,6/19/2012,6/25/2012
397,PPP (D),OH,6/21 - 6/24,3.8,47.0,44.0,673.0,Obama +3,3.0,6/21/2012,6/24/2012
398,Purple Strategies,OH,5/31 - 6/5,4.0,45.0,48.0,600.0,Romney +3,-3.0,5/31/2012,6/5/2012
399,Rasmussen Reports,OH,5/29 - 5/29,4.5,44.0,46.0,500.0,Romney +2,-2.0,5/29/2012,5/29/2012
400,NBC News/Marist,OH,5/17 - 5/20,3.0,48.0,42.0,1103.0,Obama +6,6.0,5/17/2012,5/20/2012
401,Quinnipiac,OH,5/2 - 5/7,3.0,45.0,44.0,1069.0,Obama +1,1.0,5/2/2012,5/7/2012
402,PPP (D),OH,5/3 - 5/6,3.3,50.0,43.0,875.0,Obama +7,7.0,5/3/2012,5/6/2012
403,Quinnipiac,OH,4/25 - 5/1,2.9,44.0,42.0,1130.0,Obama +2,2.0,4/25/2012,5/1/2012
404,Purple Strategies,OH,4/19 - 4/23,4.1,49.0,44.0,600.0,Obama +5,5.0,4/19/2012,4/23/2012
405,Rasmussen Reports,OH,4/18 - 4/18,4.5,46.0,42.0,500.0,Obama +4,4.0,4/18/2012,4/18/2012
406,FOX News,OH,4/15 - 4/17,4.0,45.0,39.0,606.0,Obama +6,6.0,4/15/2012,4/17/2012
407,Rasmussen Reports,OH,3/26 - 3/26,4.5,48.0,40.0,500.0,Obama +8,8.0,3/26/2012,3/26/2012
408,Quinnipiac,OH,3/20 - 3/26,2.8,47.0,41.0,1246.0,Obama +6,6.0,3/20/2012,3/26/2012
409,NBC News/Marist,OH,2/29 - 3/2,2.5,50.0,38.0,1573.0,Obama +12,12.0,2/29/2012,3/2/2012
410,FOX News,OH,2/11 - 2/13,4.5,38.0,44.0,505.0,Romney +6,-6.0,2/11/2012,2/13/2012
411,Quinnipiac,OH,2/7 - 2/12,2.6,46.0,44.0,1421.0,Obama +2,2.0,2/7/2012,2/12/2012
412,Rasmussen Reports,OH,2/8 - 2/8,4.5,45.0,41.0,500.0,Obama +4,4.0,2/8/2012,2/8/2012
413,PPP (D),OH,1/28 - 1/29,3.4,49.0,42.0,820.0,Obama +7,7.0,1/28/2012,1/29/2012
414,Quinnipiac,OH,1/9 - 1/16,2.4,44.0,42.0,1610.0,Obama +2,2.0,1/9/2012,1/16/2012
415,Quinnipiac,OH,11/28 - 12/5,2.6,42.0,43.0,1437.0,Romney +1,-1.0,11/28/2011,12/5/2011
416,PPP (D),OH,11/4 - 11/6,3.1,50.0,41.0,1022.0,Obama +9,9.0,11/4/2011,11/6/2011
417,Quinnipiac,OH,10/31 - 11/7,2.7,45.0,42.0,1312.0,Obama +3,3.0,10/31/2011,11/7/2011
418,Quinnipiac,OH,10/17 - 10/23,2.4,45.0,41.0,1668.0,Obama +4,4.0,10/17/2011,10/23/2011
419,PPP (D),OH,10/13 - 10/16,4.1,46.0,46.0,581.0,Tie,0.0,10/13/2011,10/16/2011
420,Quinnipiac,OH,9/20 - 9/25,2.7,44.0,42.0,1301.0,Obama +2,2.0,9/20/2011,9/25/2011
421,PPP (D),OH,8/11 - 8/14,3.5,45.0,43.0,792.0,Obama +2,2.0,8/11/2011,8/14/2011
422,Quinnipiac,OH,7/12 - 7/18,2.4,45.0,41.0,1659.0,Obama +4,4.0,7/12/2011,7/18/2011
423,PPP (D),OH,5/19 - 5/22,4.1,46.0,42.0,565.0,Obama +4,4.0,5/19/2011,5/22/2011
424,PPP (D),OH,3/10 - 3/13,4.1,46.0,40.0,559.0,Obama +6,6.0,3/10/2011,3/13/2011
425,PPP (D),OH,12/10 - 12/12,4.3,44.0,42.0,510.0,Obama +2,2.0,12/10/2010,12/12/2010
426,Ohio Poll/Univ of Cin.,OH,9/13 - 9/18,3.3,51.0,46.0,861.0,Obama +5,5.0,9/13/2011,9/18/2011
427,SurveyUSA,KS,11/18 - 11/21,4.4,39.0,48.0,510.0,Romney +9,-9.0,11/18/2011,11/21/2011
428,SurveyUSA,KS,11/10 - 11/10,3.5,31.0,56.0,800.0,Romney +25,-25.0,11/10/2011,11/10/2011
429,NBC News/Marist,SC,12/4 - 12/6,2.1,45.0,42.0,2107.0,Obama +3,3.0,12/4/2011,12/6/2011
430,NBC News/Marist,SC,10/11 - 10/13,2.1,40.0,46.0,2131.0,Romney +6,-6.0,10/11/2011,10/13/2011
431,PPP (D),SC,8/25 - 8/28,4.0,38.0,53.0,587.0,Romney +15,-15.0,8/25/2012,8/28/2012
432,PPP (D),SC,6/2 - 6/5,3.6,41.0,50.0,741.0,Romney +9,-9.0,6/2/2012,6/5/2012
433,PPP (D),SC,1/28 - 1/30,2.9,42.0,49.0,1167.0,Romney +7,-7.0,1/28/2012,1/30/2012
434,Courier-Journal/SurveyUSA,KY,9/11 - 9/13,4.1,39.0,53.0,606.0,Romney +14,-14.0,9/11/2012,9/13/2012
435,SurveyUSA,OR,9/10 - 9/13,4.3,50.0,41.0,552.0,Obama +9,9.0,9/10/2012,9/13/2012
436,PPP (D),OR,6/21 - 6/24,3.7,50.0,42.0,686.0,Obama +8,8.0,6/21/2012,6/24/2012
437,SurveyUSA,OR,5/7 - 5/10,2.6,47.0,43.0,1468.0,Obama +4,4.0,5/7/2012,5/10/2012
438,SurveyUSA,OR,3/14 - 3/19,2.5,50.0,39.0,1615.0,Obama +11,11.0,3/14/2012,3/19/2012
439,SurveyUSA,OR,11/18 - 11/21,4.4,48.0,40.0,528.0,Obama +8,8.0,11/18/2011,11/21/2011
440,PPP (D),OR,6/19 - 6/21,3.7,50.0,38.0,701.0,Obama +12,12.0,6/19/2012,6/21/2012
441,PPP (D),SD,1/28 - 1/30,3.0,40.0,46.0,1045.0,Romney +6,-6.0,1/28/2012,1/30/2012
443,WPA,TX,9/9 - 9/11,3.1,40.0,55.0,1000.0,Romney +15,-15.0,9/9/2012,9/11/2012
444,PPP (D),TX,4/19 - 4/22,4.0,43.0,50.0,591.0,Romney +7,-7.0,4/19/2012,4/22/2012
445,PPP (D),TX,1/12 - 1/15,3.7,42.0,49.0,700.0,Romney +7,-7.0,1/12/2012,1/15/2012
446,PPP (D),TX,9/15 - 9/18,4.1,41.0,47.0,569.0,Romney +6,-6.0,9/15/2011,9/18/2011
447,PPP (D),TX,6/25 - 6/27,3.5,42.0,50.0,795.0,Romney +8,-8.0,6/25/2011,6/27/2011
448,PPP (D),TX,1/14 - 1/16,3.3,42.0,49.0,892.0,Romney +7,-7.0,1/14/2011,1/16/2011
450,Tennessean/Vanderbilt,TN,5/2 - 5/9,,40.0,47.0,,Romney +7,-7.0,5/2/2012,5/9/2012
451,Middle Tn. State U.,TN,2/13 - 2/25,5.0,41.0,47.0,416.0,Romney +6,-6.0,2/13/2012,2/25/2012
452,Tennessean/Vanderbilt,TN,2/16 - 2/22,3.0,39.0,42.0,1508.0,Romney +3,-3.0,2/16/2012,2/22/2012
453,PPP (D),TN,2/9 - 2/13,4.4,41.0,48.0,500.0,Romney +7,-7.0,2/9/2012,2/13/2012
454,Morning Call,PA,9/22 - 9/26,5.0,49.0,42.0,427.0,Obama +7,7.0,9/22/2012,9/26/2012
455,CBS/NYT/Quinnipiac,PA,9/18 - 9/24,3.0,54.0,42.0,1162.0,Obama +12,12.0,9/18/2012,9/24/2012
456,Franklin & Marshall,PA,9/18 - 9/23,4.9,52.0,43.0,392.0,Obama +9,9.0,9/18/2012,9/23/2012
457,Tribune-Review/Susquehanna,PA,9/18 - 9/20,3.5,47.0,45.0,800.0,Obama +2,2.0,9/18/2012,9/20/2012
458,Rasmussen Reports,PA,9/19 - 9/19,4.5,51.0,39.0,500.0,Obama +12,12.0,9/19/2012,9/19/2012
459,WeAskAmerica,PA,9/18 - 9/18,2.9,48.0,42.0,1214.0,Obama +6,6.0,9/18/2012,9/18/2012
460,Mercyhurst University,PA,9/12 - 9/20,4.3,48.0,40.0,522.0,Obama +8,8.0,9/12/2012,9/20/2012
461,Morning Call,PA,9/10 - 9/16,4.0,50.0,41.0,640.0,Obama +9,9.0,9/10/2012,9/16/2012
462,Philadelphia Inquirer,PA,9/9 - 9/12,4.0,50.0,39.0,600.0,Obama +11,11.0,9/9/2012,9/12/2012
463,Philadelphia Inquirer,PA,8/21 - 8/23,4.0,51.0,42.0,601.0,Obama +9,9.0,8/21/2012,8/23/2012
464,Morning Call,PA,8/20 - 8/22,5.0,49.0,40.0,422.0,Obama +9,9.0,8/20/2012,8/22/2012
465,Franklin & Marshall,PA,8/7 - 8/12,3.8,47.0,42.0,681.0,Obama +5,5.0,8/7/2012,8/12/2012
466,CBS/NYT/Quinnipiac,PA,7/24 - 7/30,3.0,53.0,42.0,1168.0,Obama +11,11.0,7/24/2012,7/30/2012
467,PPP (D),PA,7/21 - 7/23,3.6,49.0,43.0,758.0,Obama +6,6.0,7/21/2012,7/23/2012
468,Rasmussen Reports,PA,7/18 - 7/18,4.5,48.0,44.0,500.0,Obama +4,4.0,7/18/2012,7/18/2012
469,WeAskAmerica,PA,7/9 - 7/10,2.8,47.0,40.0,1227.0,Obama +7,7.0,7/9/2012,7/10/2012
470,Quinnipiac,PA,6/19 - 6/25,2.8,45.0,39.0,1252.0,Obama +6,6.0,6/19/2012,6/25/2012
471,Quinnipiac,PA,6/5 - 6/10,3.1,46.0,40.0,997.0,Obama +6,6.0,6/5/2012,6/10/2012
472,Franklin & Marshall,PA,5/29 - 6/4,4.8,48.0,36.0,412.0,Obama +12,12.0,5/29/2012,6/4/2012
473,Rasmussen Reports,PA,5/21 - 5/21,4.5,47.0,41.0,500.0,Obama +6,6.0,5/21/2012,5/21/2012
474,PPP (D),PA,5/17 - 5/20,3.8,50.0,42.0,671.0,Obama +8,8.0,5/17/2012,5/20/2012
475,Quinnipiac,PA,4/25 - 5/1,2.9,47.0,39.0,1168.0,Obama +8,8.0,4/25/2012,5/1/2012
476,Morning Call,PA,3/23 - 4/1,5.0,45.0,40.0,492.0,Obama +5,5.0,3/23/2012,4/1/2012
477,Quinnipiac,PA,3/20 - 3/26,2.8,45.0,42.0,1232.0,Obama +3,3.0,3/20/2012,3/26/2012
478,Quinnipiac,PA,3/7 - 3/12,2.8,46.0,40.0,1256.0,Obama +6,6.0,3/7/2012,3/12/2012
479,PPP (D),PA,3/8 - 3/11,3.7,49.0,42.0,689.0,Obama +7,7.0,3/8/2012,3/11/2012
480,Morning Call,PA,2/15 - 2/21,4.0,48.0,37.0,625.0,Obama +11,11.0,2/15/2012,2/21/2012
481,Franklin & Marshall,PA,2/14 - 2/20,4.0,41.0,33.0,592.0,Obama +8,8.0,2/14/2012,2/20/2012
482,Rasmussen Reports,PA,2/8 - 2/23,4.5,45.0,44.0,438.0,Obama +1,1.0,2/8/2012,2/23/2012
483,Tribune-Review/Susquehanna,PA,2/2 - 2/6,3.5,43.0,45.0,800.0,Romney +2,-2.0,2/2/2012,2/6/2012
484,Morning Call,PA,11/28 - 12/7,5.0,45.0,41.0,422.0,Obama +4,4.0,11/28/2011,12/7/2011
485,Quinnipiac,PA,11/28 - 12/5,2.6,46.0,43.0,1453.0,Obama +3,3.0,11/28/2011,12/5/2011
486,PPP (D),PA,11/17 - 11/20,4.4,45.0,45.0,500.0,Tie,0.0,11/17/2011,11/20/2011
487,SurveyUSA,PA,11/10 - 11/10,3.5,44.0,44.0,800.0,Tie,0.0,11/10/2011,11/10/2011
488,Quinnipiac,PA,10/31 - 11/7,2.6,44.0,43.0,1436.0,Obama +1,1.0,10/31/2011,11/7/2011
489,Franklin & Marshall,PA,10/24 - 10/30,4.8,35.0,26.0,419.0,Obama +9,9.0,10/24/2011,10/30/2011
490,Quinnipiac,PA,9/21 - 9/26,2.7,45.0,43.0,1370.0,Obama +2,2.0,9/21/2011,9/26/2011
491,Magellan Strategies (R),PA,9/12 - 9/14,3.7,50.0,40.0,702.0,Obama +10,10.0,9/12/2012,9/14/2012
492,Franklin & Marshall,PA,8/22 - 8/29,4.9,36.0,30.0,407.0,Obama +6,6.0,8/22/2011,8/29/2011
493,Quinnipiac,PA,7/25 - 7/31,2.7,42.0,44.0,1358.0,Romney +2,-2.0,7/25/2011,7/31/2011
494,PPP (D),PA,6/30 - 7/5,4.2,44.0,44.0,545.0,Tie,0.0,6/30/2011,7/5/2011
495,Quinnipiac,PA,6/7 - 6/12,2.7,47.0,40.0,1277.0,Obama +7,7.0,6/7/2011,6/12/2011
496,PPP (D),PA,4/7 - 4/10,4.0,42.0,43.0,593.0,Romney +1,-1.0,4/7/2011,4/10/2011
497,Morning Call,PA,2/9 - 2/28,5.5,43.0,36.0,395.0,Obama +7,7.0,2/9/2011,2/28/2011
498,PPP (D),PA,1/3 - 1/5,4.2,46.0,42.0,547.0,Obama +4,4.0,1/3/2011,1/5/2011
499,ARG,VA,9/24 - 9/27,4.0,49.0,47.0,600.0,Obama +2,2.0,9/24/2012,9/27/2012
500,Suffolk/WWBT,VA,9/24 - 9/26,4.0,46.0,44.0,600.0,Obama +2,2.0,9/24/2012,9/26/2012
501,Roanoke College,VA,9/19 - 9/28,4.0,48.0,40.0,589.0,Obama +8,8.0,9/19/2012,9/28/2012
502,WeAskAmerica,VA,9/17 - 9/17,2.8,49.0,46.0,1238.0,Obama +3,3.0,9/17/2012,9/17/2012
503,Purple Strategies,VA,9/15 - 9/19,4.0,46.0,43.0,600.0,Obama +3,3.0,9/15/2012,9/19/2012
504,FOX News,VA,9/16 - 9/18,3.0,50.0,43.0,1006.0,Obama +7,7.0,9/16/2012,9/18/2012
505,PPP (D),VA,9/13 - 9/16,3.1,51.0,46.0,1021.0,Obama +5,5.0,9/13/2012,9/16/2012
506,CBS/NYT/Quinnipiac,VA,9/11 - 9/17,3.0,50.0,46.0,1474.0,Obama +4,4.0,9/11/2012,9/17/2012
507,Rasmussen Reports,VA,9/13 - 9/13,4.5,49.0,48.0,500.0,Obama +1,1.0,9/13/2012,9/13/2012
508,Washington Post,VA,9/12 - 9/16,4.0,52.0,44.0,847.0,Obama +8,8.0,9/12/2012,9/16/2012
509,NBC/WSJ/Marist,VA,9/9 - 9/11,3.1,49.0,44.0,996.0,Obama +5,5.0,9/9/2012,9/11/2012
510,Gravis Marketing,VA,9/8 - 9/9,2.2,44.0,49.0,2238.0,Romney +5,-5.0,9/8/2012,9/9/2012
511,Rasmussen Reports,VA,8/23 - 8/23,4.5,47.0,47.0,500.0,Tie,0.0,8/23/2012,8/23/2012
512,PPP (D),VA,8/16 - 8/19,3.4,50.0,45.0,855.0,Obama +5,5.0,8/16/2012,8/19/2012
513,Purple Strategies,VA,8/13 - 8/14,4.0,45.0,48.0,600.0,Romney +3,-3.0,8/13/2012,8/14/2012
514,Rasmussen Reports,VA,8/7 - 8/7,4.5,48.0,46.0,500.0,Obama +2,2.0,8/7/2012,8/7/2012
515,CBS/NYT/Quinnipiac,VA,7/31 - 8/6,3.0,49.0,45.0,1412.0,Obama +4,4.0,7/31/2012,8/6/2012
516,Rasmussen Reports,VA,7/16 - 7/17,4.5,47.0,46.0,500.0,Obama +1,1.0,7/16/2012,7/17/2012
517,Quinnipiac,VA,7/10 - 7/16,2.4,44.0,44.0,1673.0,Tie,0.0,7/10/2012,7/16/2012
518,Purple Strategies,VA,7/9 - 7/13,4.0,46.0,44.0,600.0,Obama +2,2.0,7/9/2012,7/13/2012
519,PPP (D),VA,7/5 - 7/8,3.9,50.0,42.0,647.0,Obama +8,8.0,7/5/2012,7/8/2012
520,WeAskAmerica,VA,6/25 - 6/25,3.0,43.0,48.0,1106.0,Romney +5,-5.0,6/25/2012,6/25/2012
521,Rasmussen Reports,VA,6/3 - 6/3,4.5,47.0,47.0,500.0,Tie,0.0,6/3/2012,6/3/2012
522,Purple Strategies,VA,5/31 - 6/5,4.0,49.0,46.0,600.0,Obama +3,3.0,5/31/2012,6/5/2012
523,Quinnipiac,VA,5/30 - 6/4,2.7,47.0,42.0,1282.0,Obama +5,5.0,5/30/2012,6/4/2012
524,Virginian-Pilot/ODU,VA,5/16 - 6/15,3.5,49.0,42.0,776.0,Obama +7,7.0,5/16/2012,6/15/2012
525,NBC News/Marist,VA,5/17 - 5/20,3.0,48.0,44.0,1076.0,Obama +4,4.0,5/17/2012,5/20/2012
526,Washington Post,VA,4/28 - 5/2,4.0,51.0,44.0,964.0,Obama +7,7.0,4/28/2012,5/2/2012
527,PPP (D),VA,4/26 - 4/29,3.8,51.0,43.0,680.0,Obama +8,8.0,4/26/2012,4/29/2012
528,Rasmussen Reports,VA,4/23 - 4/23,4.5,44.0,45.0,500.0,Romney +1,-1.0,4/23/2012,4/23/2012
529,Purple Strategies,VA,4/19 - 4/23,4.1,48.0,46.0,600.0,Obama +2,2.0,4/19/2012,4/23/2012
530,Roanoke College,VA,3/26 - 4/5,4.2,41.0,46.0,537.0,Romney +5,-5.0,3/26/2012,4/5/2012
531,Rasmussen Reports,VA,3/20 - 3/20,4.5,51.0,42.0,500.0,Obama +9,9.0,3/20/2012,3/20/2012
532,Quinnipiac,VA,3/13 - 3/18,3.1,50.0,42.0,1034.0,Obama +8,8.0,3/13/2012,3/18/2012
533,NBC News/Marist,VA,2/29 - 3/2,2.8,52.0,35.0,1273.0,Obama +17,17.0,2/29/2012,3/2/2012
534,Roanoke College,VA,2/13 - 2/26,4.0,42.0,43.0,607.0,Romney +1,-1.0,2/13/2012,2/26/2012
535,Rasmussen Reports,VA,2/21 - 2/21,4.5,49.0,43.0,500.0,Obama +6,6.0,2/21/2012,2/21/2012
536,CNU/Times-Dispatch,VA,2/4 - 2/13,3.1,43.0,46.0,1018.0,Romney +3,-3.0,2/4/2012,2/13/2012
537,Quinnipiac,VA,2/1 - 2/6,2.5,47.0,43.0,1544.0,Obama +4,4.0,2/1/2012,2/6/2012
538,Mason-Dixon,VA,1/16 - 1/18,3.9,45.0,44.0,625.0,Obama +1,1.0,1/16/2012,1/18/2012
539,Quinnipiac,VA,12/13 - 12/19,2.9,42.0,44.0,1135.0,Romney +2,-2.0,12/13/2011,12/19/2011
540,PPP (D),VA,12/11 - 12/13,4.0,48.0,42.0,600.0,Obama +6,6.0,12/11/2011,12/13/2011
541,Quinnipiac,VA,10/3 - 10/9,2.6,44.0,45.0,1459.0,Romney +1,-1.0,10/3/2011,10/9/2011
542,CNU/Times-Dispatch,VA,10/3 - 10/8,3.1,42.0,46.0,1027.0,Romney +4,-4.0,10/3/2011,10/8/2011
543,Rasmussen Reports,VA,9/28 - 9/28,4.5,45.0,46.0,500.0,Romney +1,-1.0,9/28/2011,9/28/2011
544,Roanoke College,VA,9/6 - 9/17,4.0,37.0,45.0,601.0,Romney +8,-8.0,9/6/2011,9/17/2011
545,Quinnipiac,VA,9/7 - 9/12,2.7,42.0,44.0,1368.0,Romney +2,-2.0,9/7/2011,9/12/2011
546,PPP (D),VA,7/21 - 7/24,4.4,47.0,43.0,500.0,Obama +4,4.0,7/21/2011,7/24/2011
547,PPP (D),VA,5/5 - 5/8,4.2,51.0,40.0,547.0,Obama +11,11.0,5/5/2011,5/8/2011
548,Washington Post,VA,4/28 - 5/4,3.5,50.0,44.0,1040.0,Obama +6,6.0,4/28/2012,5/4/2012
549,PPP (D),VA,2/24 - 2/27,3.5,48.0,42.0,524.0,Obama +6,6.0,2/24/2011,2/27/2011
550,PPP (D),VA,11/10 - 11/13,4.2,48.0,43.0,551.0,Obama +5,5.0,11/10/2010,11/13/2010
551,Talk Business Poll,AR,9/17 - 9/17,2.0,35.0,56.0,2228.0,Romney +21,-21.0,9/17/2012,9/17/2012
552,Talk Business Poll,AR,3/26 - 3/26,3.6,33.0,57.0,759.0,Romney +24,-24.0,3/26/2012,3/26/2012
553,Talk Business Poll,AR,9/15 - 9/15,2.1,34.0,50.0,2101.0,Romney +16,-16.0,9/15/2011,9/15/2011
554,Castleton State College,VT,8/11 - 8/21,4.5,62.0,25.0,477.0,Obama +37,37.0,8/11/2012,8/21/2012
555,Castleton State College,VT,5/7 - 5/16,4.0,59.0,28.0,607.0,Obama +31,31.0,5/7/2012,5/16/2012
556,Castleton State College,VT,2/11 - 2/22,3.5,58.0,33.0,800.0,Obama +25,25.0,2/11/2012,2/22/2012
557,PPP (D),VT,7/28 - 7/31,2.8,54.0,34.0,1233.0,Obama +20,20.0,7/28/2012,7/31/2012
558,The Simon Poll/SIU,IL,9/4 - 9/10,2.8,47.0,34.0,1261.0,Obama +13,13.0,9/4/2012,9/10/2012
559,WeAskAmerica,IL,9/5 - 9/5,2.8,54.0,37.0,1382.0,Obama +17,17.0,9/5/2012,9/5/2012
560,Chicago Tribune,IL,2/2 - 2/6,4.0,56.0,35.0,600.0,Obama +21,21.0,2/2/2012,2/6/2012
561,The Simon Poll/SIU,IL,10/11 - 10/16,3.0,46.0,39.0,1000.0,Obama +7,7.0,10/11/2011,10/16/2011
562,FOX Chicago/WAA,IL,9/28 - 9/28,2.3,50.0,35.0,1815.0,Obama +15,15.0,9/28/2012,9/28/2012
563,Howey/DePauw,IN,9/19 - 9/23,3.5,40.0,52.0,800.0,Romney +12,-12.0,9/19/2012,9/23/2012
564,Rasmussen Reports,IN,7/31 - 8/1,5.0,35.0,51.0,400.0,Romney +16,-16.0,7/31/2012,8/1/2012
565,Howey/DePauw,IN,3/26 - 3/27,4.5,40.0,49.0,503.0,Romney +9,-9.0,3/26/2012,3/27/2012
566,WeAskAmerica,IA,9/25 - 9/27,2.8,48.0,44.0,1273.0,Obama +4,4.0,9/25/2012,9/27/2012
567,Des Moines Register,IA,9/23 - 9/26,3.8,49.0,45.0,650.0,Obama +4,4.0,9/23/2012,9/26/2012
568,PPP (D),IA,9/24 - 9/26,3.6,51.0,44.0,754.0,Obama +7,7.0,9/24/2012,9/26/2012
569,Voter/Consumer Res/TIR (R),IA,9/23 - 9/25,4.4,46.0,47.0,500.0,Romney +1,-1.0,9/23/2012,9/25/2012
570,ARG,IA,9/20 - 9/23,4.0,51.0,44.0,600.0,Obama +7,7.0,9/20/2012,9/23/2012
571,Rasmussen Reports,IA,9/19 - 9/19,4.5,44.0,47.0,500.0,Romney +3,-3.0,9/19/2012,9/19/2012
572,NBC/WSJ/Marist,IA,9/16 - 9/18,3.3,50.0,42.0,898.0,Obama +8,8.0,9/16/2012,9/18/2012
573,PPP (D),IA,8/23 - 8/26,2.8,47.0,45.0,1244.0,Obama +2,2.0,8/23/2012,8/26/2012
574,Rasmussen Reports,IA,8/8 - 8/8,4.5,44.0,46.0,500.0,Romney +2,-2.0,8/8/2012,8/8/2012
575,PPP (D),IA,7/12 - 7/15,2.9,48.0,43.0,1131.0,Obama +5,5.0,7/12/2012,7/15/2012
576,WeAskAmerica,IA,6/18 - 6/18,3.0,45.0,44.0,1086.0,Obama +1,1.0,6/18/2012,6/18/2012
577,Rasmussen Reports,IA,6/11 - 6/11,4.5,46.0,47.0,500.0,Romney +1,-1.0,6/11/2012,6/11/2012
578,NBC News/Marist,IA,5/22 - 5/24,3.0,44.0,44.0,1106.0,Tie,0.0,5/22/2012,5/24/2012
579,PPP (D),IA,5/3 - 5/6,2.9,51.0,41.0,1181.0,Obama +10,10.0,5/3/2012,5/6/2012
580,Des Moines Register,IA,2/12 - 2/15,4.0,44.0,46.0,611.0,Romney +2,-2.0,2/12/2012,2/15/2012
581,NBC News/Marist,IA,11/27 - 11/29,2.5,46.0,39.0,1503.0,Obama +7,7.0,11/27/2011,11/29/2011
582,PPP (D),IA,10/7 - 10/10,3.6,46.0,42.0,749.0,Obama +4,4.0,10/7/2011,10/10/2011
583,NBC News/Marist,IA,10/3 - 10/5,1.8,43.0,40.0,2836.0,Obama +3,3.0,10/3/2011,10/5/2011
584,PPP (D),IA,8/19 - 8/21,3.5,49.0,39.0,798.0,Obama +10,10.0,8/19/2011,8/21/2011
585,Mason-Dixon,IA,7/5 - 7/7,3.9,44.0,47.0,629.0,Romney +3,-3.0,7/5/2012,7/7/2012
586,PPP (D),IA,5/27 - 5/30,2.6,49.0,40.0,1387.0,Obama +9,9.0,5/27/2011,5/30/2011
587,PPP (D),IA,4/15 - 4/17,2.9,45.0,41.0,1109.0,Obama +4,4.0,4/15/2011,4/17/2011
588,PPP (D),IA,1/7 - 1/9,3.0,47.0,41.0,1077.0,Obama +6,6.0,1/7/2011,1/9/2011
589,HighGround/Moore (R)*,AZ,9/25 - 9/26,4.0,42.0,46.0,500.0,Romney +4,-4.0,9/25/2012,9/26/2012
590,Rasmussen Reports,AZ,9/25 - 9/25,4.5,42.0,52.0,500.0,Romney +10,-10.0,9/25/2012,9/25/2012
591,Purple Strategies,AZ,9/15 - 9/19,4.0,45.0,48.0,600.0,Romney +3,-3.0,9/15/2012,9/19/2012
592,PPP (D),AZ,9/7 - 9/9,3.1,44.0,53.0,993.0,Romney +9,-9.0,9/7/2012,9/9/2012
593,PPP (D),AZ,7/23 - 7/25,3.4,41.0,52.0,833.0,Romney +11,-11.0,7/23/2012,7/25/2012
594,Rasmussen Reports,AZ,6/26 - 6/26,4.5,41.0,54.0,500.0,Romney +13,-13.0,6/26/2012,6/26/2012
595,Project New America/PPP (D),AZ,6/4 - 6/5,3.5,46.0,49.0,791.0,Romney +3,-3.0,6/4/2012,6/5/2012
596,PPP (D),AZ,5/17 - 5/20,4.4,43.0,50.0,500.0,Romney +7,-7.0,5/17/2012,5/20/2012
597,Magellan (R),AZ,4/30 - 5/2,3.3,43.0,52.0,909.0,Romney +9,-9.0,4/30/2012,5/2/2012
598,Arizona State,AZ,4/10 - 4/20,4.4,40.0,42.0,488.0,Romney +2,-2.0,4/10/2012,4/20/2012
599,Behavior Research Center,AZ,4/9 - 4/17,4.4,42.0,40.0,511.0,Obama +2,2.0,4/9/2012,4/17/2012
600,Rasmussen Reports,AZ,3/13 - 3/13,4.5,40.0,51.0,500.0,Romney +11,-11.0,3/13/2012,3/13/2012
601,NBC News/Marist,AZ,2/19 - 2/20,2.8,40.0,45.0,1265.0,Romney +5,-5.0,2/19/2012,2/20/2012
602,PPP (D),AZ,2/17 - 2/19,3.6,47.0,47.0,743.0,Tie,0.0,2/17/2012,2/19/2012
603,Behavior Research Center,AZ,1/5 - 1/9,4.3,37.0,43.0,553.0,Romney +6,-6.0,1/5/2012,1/9/2012
604,PPP (D),AZ,11/17 - 11/20,4.4,42.0,49.0,500.0,Romney +7,-7.0,11/17/2011,11/20/2011
605,Behavior Research Center,AZ,10/13 - 10/24,4.1,45.0,40.0,581.0,Obama +5,5.0,10/13/2011,10/24/2011
606,PPP (D),AZ,4/28 - 5/1,3.9,44.0,48.0,623.0,Romney +4,-4.0,4/28/2011,5/1/2011
607,PPP (D),AZ,1/28 - 1/30,4.0,43.0,49.0,599.0,Romney +6,-6.0,1/28/2011,1/30/2011
608,PPP (D),AZ,9/18 - 9/21,3.9,43.0,50.0,617.0,Romney +7,-7.0,9/18/2010,9/21/2010
609,Rasmussen Reports,ME,9/25 - 9/25,4.5,52.0,40.0,500.0,Obama +12,12.0,9/25/2012,9/25/2012
610,PPP (D),ME,9/17 - 9/18,3.5,55.0,39.0,804.0,Obama +16,16.0,9/17/2012,9/18/2012
611,MPRC (D)*,ME,9/15 - 9/17,3.4,54.0,37.0,856.0,Obama +17,17.0,9/15/2012,9/17/2012
612,Critical Insights,ME,9/12 - 9/16,4.0,52.0,36.0,618.0,Obama +16,16.0,9/12/2012,9/16/2012
613,Critical Insights,ME,6/20 - 6/25,4.0,49.0,35.0,615.0,Obama +14,14.0,6/20/2012,6/25/2012
614,WBUR/MassINC,ME,6/13 - 6/14,4.4,48.0,34.0,506.0,Obama +14,14.0,6/13/2012,6/14/2012
615,Critical Insights,ME,5/2 - 5/7,4.0,50.0,42.0,600.0,Obama +8,8.0,5/2/2012,5/7/2012
616,MPRC (D),ME,3/31 - 4/2,3.1,55.0,37.0,993.0,Obama +18,18.0,3/31/2012,4/2/2012
617,PPP (D),ME,3/2 - 3/4,2.8,58.0,35.0,1256.0,Obama +23,23.0,3/2/2012,3/4/2012
618,PPP (D),ME,10/28 - 10/31,3.8,49.0,38.0,673.0,Obama +11,11.0,10/28/2011,10/31/2011
619,Critical Insights,ME,10/18 - 10/23,4.0,41.0,40.0,600.0,Obama +1,1.0,10/18/2011,10/23/2011
620,PPP (D),ME,3/3 - 3/6,2.8,49.0,41.0,1247.0,Obama +8,8.0,3/3/2011,3/6/2011
621,Baltimore Sun,MD,9/25 - 9/27,3.5,57.0,34.0,804.0,Obama +23,23.0,9/25/2012,9/27/2012
622,Gonzales Research,MD,9/17 - 9/23,3.5,55.0,36.0,813.0,Obama +19,19.0,9/17/2012,9/23/2012
623,PPP (D),MD,5/14 - 5/21,3.4,58.0,35.0,852.0,Obama +23,23.0,5/14/2012,5/21/2012
624,WBUR/MassINC,MA,9/26 - 9/28,4.4,60.0,32.0,504.0,Obama +28,28.0,9/26/2012,9/28/2012
625,Boston Globe,MA,9/21 - 9/27,4.4,57.0,30.0,502.0,Obama +27,27.0,9/21/2012,9/27/2012
626,Rasmussen Reports,MA,9/24 - 9/24,4.5,55.0,40.0,500.0,Obama +15,15.0,9/24/2012,9/24/2012
627,WBUR/MassINC,MA,9/15 - 9/17,4.4,59.0,31.0,507.0,Obama +28,28.0,9/15/2012,9/17/2012
628,UMass/Boston Herald,MA,9/13 - 9/17,5.5,59.0,36.0,497.0,Obama +23,23.0,9/13/2012,9/17/2012
629,Suffolk/7News,MA,9/13 - 9/16,4.0,64.0,31.0,600.0,Obama +33,33.0,9/13/2012,9/16/2012
630,PPP (D),MA,9/13 - 9/16,3.3,57.0,39.0,876.0,Obama +18,18.0,9/13/2012,9/16/2012
631,Western NE University,MA,9/6 - 9/13,4.6,60.0,38.0,444.0,Obama +22,22.0,9/6/2012,9/13/2012
632,PPP (D),MA,8/16 - 8/19,2.9,55.0,39.0,1115.0,Obama +16,16.0,8/16/2012,8/19/2012
633,PPP (D),MA,6/22 - 6/24,3.3,55.0,39.0,902.0,Obama +16,16.0,6/22/2012,6/24/2012
634,Western NE University,MA,5/29 - 5/31,4.4,56.0,34.0,504.0,Obama +22,22.0,5/29/2012,5/31/2012
635,Boston Globe,MA,5/25 - 5/31,3.8,46.0,34.0,651.0,Obama +12,12.0,5/25/2012,5/31/2012
636,Suffolk/7News,MA,5/20 - 5/22,4.0,59.0,34.0,600.0,Obama +25,25.0,5/20/2012,5/22/2012
637,Rasmussen Reports,MA,5/7 - 5/7,4.5,56.0,35.0,500.0,Obama +21,21.0,5/7/2012,5/7/2012
638,Rasmussen Reports,MA,4/9 - 4/9,4.5,51.0,40.0,500.0,Obama +11,11.0,4/9/2012,4/9/2012
639,Boston Globe,MA,3/21 - 3/27,4.2,49.0,33.0,544.0,Obama +16,16.0,3/21/2012,3/27/2012
640,PPP (D),MA,3/16 - 3/18,3.2,58.0,35.0,936.0,Obama +23,23.0,3/16/2012,3/18/2012
641,Western NE University,MA,2/23 - 3/1,4.3,60.0,36.0,527.0,Obama +24,24.0,2/23/2012,3/1/2012
642,Rasmussen Reports,MA,2/29 - 2/29,4.5,55.0,38.0,500.0,Obama +17,17.0,2/29/2012,2/29/2012
643,Suffolk/7News,MA,2/11 - 2/15,4.0,53.0,39.0,600.0,Obama +14,14.0,2/11/2012,2/15/2012
644,WBUR/MassINC,MA,2/6 - 2/9,4.4,55.0,34.0,503.0,Obama +21,21.0,2/6/2012,2/9/2012
645,Mass Insight/Opinion Dynamics,MA,1/31 - 2/4,4.4,53.0,35.0,456.0,Obama +18,18.0,1/31/2012,2/4/2012
646,UMass/Boston Herald,MA,9/22 - 9/28,3.8,57.0,33.0,1005.0,Obama +24,24.0,9/22/2012,9/28/2012
647,PPP (D),MA,9/16 - 9/18,3.5,53.0,40.0,791.0,Obama +13,13.0,9/16/2011,9/18/2011
648,PPP (D),MA,6/2 - 6/5,3.2,57.0,37.0,957.0,Obama +20,20.0,6/2/2011,6/5/2011
649,PPP (D),MA,11/29 - 12/1,4.4,52.0,43.0,500.0,Obama +9,9.0,11/29/2010,12/1/2010
650,Deseret News/KSL,UT,6/15 - 6/21,2.8,26.0,68.0,1222.0,Romney +42,-42.0,6/15/2012,6/21/2012
651,PPP (D),UT,7/8 - 7/10,3.6,31.0,63.0,732.0,Romney +32,-32.0,7/8/2012,7/10/2012
652,Mason-Dixon,UT,4/26 - 4/28,5.0,22.0,73.0,400.0,Romney +51,-51.0,4/26/2012,4/28/2012
653,Deseret News,UT,4/27 - 4/27,6.2,27.0,67.0,254.0,Romney +40,-40.0,4/27/2012,4/27/2012
654,WeAskAmerica,MO,9/25 - 9/27,2.9,45.0,48.0,1145.0,Romney +3,-3.0,9/25/2012,9/27/2012
655,Gravis Marketing*,MO,9/16 - 9/17,2.3,39.0,48.0,1959.0,Romney +9,-9.0,9/16/2012,9/17/2012
656,Rasmussen Reports,MO,9/11 - 9/11,4.5,45.0,48.0,500.0,Romney +3,-3.0,9/11/2012,9/11/2012
657,PPP (D),MO,8/28 - 8/29,3.9,41.0,53.0,621.0,Romney +12,-12.0,8/28/2012,8/29/2012
658,Post-Dispatch/Mason-Dixon,MO,8/22 - 8/23,4.0,43.0,50.0,625.0,Romney +7,-7.0,8/22/2012,8/23/2012
659,Rasmussen Reports,MO,8/22 - 8/22,4.5,47.0,46.0,500.0,Obama +1,1.0,8/22/2012,8/22/2012
660,PPP (D),MO,8/20 - 8/20,4.4,42.0,52.0,500.0,Romney +10,-10.0,8/20/2012,8/20/2012
661,SurveyUSA,MO,8/9 - 8/12,4.1,44.0,45.0,585.0,Romney +1,-1.0,8/9/2012,8/12/2012
662,Rasmussen Reports,MO,7/30 - 7/30,4.5,44.0,50.0,500.0,Romney +6,-6.0,7/30/2012,7/30/2012
663,Post-Dispatch/Mason-Dixon*,MO,7/23 - 7/25,4.0,42.0,51.0,625.0,Romney +9,-9.0,7/23/2012,7/25/2012
664,WeAskAmerica*,MO,7/24 - 7/24,3.0,40.0,49.0,1172.0,Romney +9,-9.0,7/24/2012,7/24/2012
665,Rasmussen Reports,MO,6/7 - 6/7,4.5,42.0,49.0,500.0,Romney +7,-7.0,6/7/2012,6/7/2012
666,PPP (D),MO,5/24 - 5/27,4.0,45.0,44.0,602.0,Obama +1,1.0,5/24/2012,5/27/2012
667,Rasmussen Reports,MO,4/17 - 4/17,4.5,45.0,48.0,500.0,Romney +3,-3.0,4/17/2012,4/17/2012
668,Rasmussen Reports,MO,3/14 - 3/15,4.5,41.0,50.0,500.0,Romney +9,-9.0,3/14/2012,3/15/2012
669,PPP (D),MO,1/27 - 1/29,4.1,45.0,45.0,582.0,Tie,0.0,1/27/2012,1/29/2012
670,Rasmussen Reports,MO,11/9 - 11/9,4.5,42.0,45.0,500.0,Romney +3,-3.0,11/9/2011,11/9/2011
671,PPP (D),MO,9/9 - 9/12,3.9,43.0,47.0,632.0,Romney +4,-4.0,9/9/2011,9/12/2011
672,PPP (D),MO,4/28 - 5/1,3.9,43.0,45.0,555.0,Romney +2,-2.0,4/28/2011,5/1/2011
673,PPP (D),MO,3/3 - 3/6,4.0,43.0,44.0,612.0,Romney +1,-1.0,3/3/2011,3/6/2011
674,PPP (D),MO,11/29 - 12/1,4.3,41.0,47.0,515.0,Romney +6,-6.0,11/29/2010,12/1/2010
675,Star Tribune/Mason-Dixon*,MN,9/17 - 9/19,3.5,48.0,40.0,800.0,Obama +8,8.0,9/17/2012,9/19/2012
676,PPP (D),MN,9/10 - 9/11,3.4,51.0,44.0,824.0,Obama +7,7.0,9/10/2012,9/11/2012
677,KSTP/SurveyUSA,MN,9/6 - 9/9,4.3,50.0,40.0,551.0,Obama +10,10.0,9/6/2012,9/9/2012
678,KSTP/SurveyUSA,MN,7/17 - 7/19,4.3,46.0,40.0,552.0,Obama +6,6.0,7/17/2012,7/19/2012
679,PPP (D),MN,5/31 - 6/3,3.1,54.0,39.0,973.0,Obama +15,15.0,5/31/2012,6/3/2012
680,KSTP/SurveyUSA,MN,5/9 - 5/10,4.4,52.0,38.0,516.0,Obama +14,14.0,5/9/2012,5/10/2012
681,KSTP/SurveyUSA,MN,1/31 - 2/2,4.3,49.0,36.0,542.0,Obama +13,13.0,1/31/2012,2/2/2012
682,PPP (D),MN,1/21 - 1/22,2.8,51.0,41.0,1236.0,Obama +10,10.0,1/21/2012,1/22/2012
683,KSTP/SurveyUSA,MN,11/2 - 11/6,4.3,45.0,39.0,543.0,Obama +6,6.0,11/2/2011,11/6/2011
685,PPP (D),MN,5/27 - 5/30,2.9,51.0,36.0,1179.0,Obama +15,15.0,5/27/2011,5/30/2011
686,PPP (D),MN,12/4 - 12/5,3.2,47.0,42.0,949.0,Obama +5,5.0,12/4/2010,12/5/2010
687,WeAskAmerica,MI,9/25 - 9/27,3.1,52.0,40.0,1064.0,Obama +12,12.0,9/25/2012,9/27/2012
688,Gravis Marketing,MI,9/21 - 9/22,3.3,50.0,46.0,804.0,Obama +4,4.0,9/21/2012,9/22/2012
689,Rasmussen Reports,MI,9/20 - 9/20,4.5,54.0,42.0,500.0,Obama +12,12.0,9/20/2012,9/20/2012
690,Detroit News,MI,9/15 - 9/17,4.0,52.0,38.0,600.0,Obama +14,14.0,9/15/2012,9/17/2012
691,CNN/Opinion Research,MI,9/14 - 9/18,3.5,52.0,44.0,754.0,Obama +8,8.0,9/14/2012,9/18/2012
692,MRG,MI,9/10 - 9/15,4.0,48.0,42.0,600.0,Obama +6,6.0,9/10/2012,9/15/2012
693,Baydoun/Foster (D),MI,9/12 - 9/12,2.9,46.0,44.0,1156.0,Obama +2,2.0,9/12/2012,9/12/2012
694,EPIC-MRA,MI,9/8 - 9/11,4.5,47.0,37.0,600.0,Obama +10,10.0,9/8/2012,9/11/2012
695,PPP (D),MI,8/31 - 9/2,3.4,51.0,44.0,1001.0,Obama +7,7.0,8/31/2012,9/2/2012
696,EPIC-MRA,MI,8/28 - 8/28,2.6,49.0,46.0,1200.0,Obama +3,3.0,8/28/2012,8/28/2012
697,Mitchell Research,MI,8/23 - 8/23,2.7,47.0,47.0,1277.0,Tie,0.0,8/23/2012,8/23/2012
698,Detroit News,MI,8/18 - 8/20,4.0,48.0,42.0,600.0,Obama +6,6.0,8/18/2012,8/20/2012
699,Baydoun/Foster (D),MI,8/16 - 8/16,2.4,44.0,48.0,1733.0,Romney +4,-4.0,8/16/2012,8/16/2012
700,Mitchell Research,MI,8/13 - 8/13,3.0,49.0,44.0,1079.0,Obama +5,5.0,8/13/2012,8/13/2012
701,EPIC-MRA,MI,7/24 - 7/31,4.0,48.0,42.0,600.0,Obama +6,6.0,7/24/2012,7/31/2012
702,Rasmussen Reports,MI,7/23 - 7/23,4.5,48.0,42.0,500.0,Obama +6,6.0,7/23/2012,7/23/2012
703,Mitchell Research,MI,7/23 - 7/23,3.4,44.0,45.0,825.0,Romney +1,-1.0,7/23/2012,7/23/2012
704,PPP (D),MI,7/21 - 7/23,4.1,53.0,39.0,579.0,Obama +14,14.0,7/21/2012,7/23/2012
705,NBC News/Marist,MI,6/24 - 6/25,3.0,47.0,43.0,1078.0,Obama +4,4.0,6/24/2012,6/25/2012
706,Mitchell Research,MI,6/18 - 6/18,3.6,47.0,46.0,750.0,Obama +1,1.0,6/18/2012,6/18/2012
707,WeAskAmerica,MI,6/18 - 6/18,3.1,43.0,45.0,1010.0,Romney +2,-2.0,6/18/2012,6/18/2012
708,Rasmussen Reports,MI,6/14 - 6/14,4.5,50.0,42.0,500.0,Obama +8,8.0,6/14/2012,6/14/2012
709,Baydoun/Foster (D),MI,6/12 - 6/12,2.3,47.0,46.0,1783.0,Obama +1,1.0,6/12/2012,6/12/2012
710,EPIC-MRA,MI,6/2 - 6/5,4.0,45.0,46.0,600.0,Romney +1,-1.0,6/2/2012,6/5/2012
711,PPP (D),MI,5/24 - 5/27,4.4,53.0,39.0,500.0,Obama +14,14.0,5/24/2012,5/27/2012
712,Glengariff Group (R),MI,5/10 - 5/11,4.0,45.0,40.0,600.0,Obama +5,5.0,5/10/2012,5/11/2012
713,EPIC-MRA,MI,3/31 - 4/3,4.0,47.0,43.0,600.0,Obama +4,4.0,3/31/2012,4/3/2012
714,MRG,MI,3/14 - 3/19,4.0,49.0,42.0,600.0,Obama +7,7.0,3/14/2012,3/19/2012
715,NBC News/Marist,MI,2/19 - 2/20,2.5,51.0,33.0,1546.0,Obama +18,18.0,2/19/2012,2/20/2012
716,PPP (D),MI,2/10 - 2/12,4.1,54.0,38.0,560.0,Obama +16,16.0,2/10/2012,2/12/2012
717,EPIC-MRA,MI,1/21 - 1/25,4.0,48.0,40.0,600.0,Obama +8,8.0,1/21/2012,1/25/2012
718,EPIC-MRA,MI,11/13 - 11/16,4.0,41.0,46.0,600.0,Romney +5,-5.0,11/13/2011,11/16/2011
720,Inside MI Politcs/MRG,MI,9/14 - 9/19,4.0,44.0,44.0,600.0,Tie,0.0,9/14/2012,9/19/2012
721,PPP (D),MI,7/21 - 7/24,4.0,47.0,42.0,593.0,Obama +5,5.0,7/21/2011,7/24/2011
722,EPIC-MRA,MI,7/9 - 7/11,4.0,42.0,46.0,600.0,Romney +4,-4.0,7/9/2011,7/11/2011
723,PPP (D),MI,3/18 - 3/20,4.4,48.0,41.0,502.0,Obama +7,7.0,3/18/2011,3/20/2011
724,EPIC-MRA,MI,2/12 - 2/17,4.0,41.0,46.0,600.0,Romney +5,-5.0,2/12/2011,2/17/2011
725,PPP (D),MI,12/3 - 12/6,2.8,47.0,43.0,1224.0,Obama +4,4.0,12/3/2010,12/6/2010
726,Mason-Dixon,MT,9/17 - 9/19,4.0,42.0,51.0,625.0,Romney +9,-9.0,9/17/2012,9/19/2012
727,PPP (D),MT,9/10 - 9/11,3.8,45.0,50.0,656.0,Romney +5,-5.0,9/10/2012,9/11/2012
728,Rasmussen Reports,MT,8/20 - 8/20,4.5,38.0,55.0,500.0,Romney +17,-17.0,8/20/2012,8/20/2012
729,Rasmussen Reports,MT,6/18 - 6/18,4.5,42.0,51.0,500.0,Romney +9,-9.0,6/18/2012,6/18/2012
730,Rasmussen Reports,MT,5/2 - 5/2,5.0,44.0,51.0,450.0,Romney +7,-7.0,5/2/2012,5/2/2012
731,PPP (D),MT,4/26 - 4/29,3.2,43.0,48.0,934.0,Romney +5,-5.0,4/26/2012,4/29/2012
732,Rasmussen Reports,MT,4/2 - 4/2,4.5,40.0,49.0,500.0,Romney +9,-9.0,4/2/2012,4/2/2012
733,Rasmussen Reports,MT,2/22 - 2/22,4.5,41.0,48.0,500.0,Romney +7,-7.0,2/22/2012,2/22/2012
734,PPP (D),MT,11/28 - 11/30,2.4,40.0,50.0,1625.0,Romney +10,-10.0,11/28/2011,11/30/2011
735,PPP (D),MT,6/16 - 6/19,3.4,41.0,49.0,819.0,Romney +8,-8.0,6/16/2011,6/19/2011
736,PPP (D),MT,11/10 - 11/13,2.9,39.0,50.0,1176.0,Romney +11,-11.0,11/10/2010,11/13/2010
737,PPP (D),MS,11/4 - 11/6,3.5,36.0,54.0,796.0,Romney +18,-18.0,11/4/2011,11/6/2011
738,PPP (D),MS,3/24 - 3/27,3.4,40.0,46.0,817.0,Romney +6,-6.0,3/24/2011,3/27/2011
